{
  "config": "{\"version\":\"5.42\",\"themeCollection\":{},\"activeSectionIndex\":1,\"linguisticSchemaSyncVersion\":0,\"objects\":{\"outspacePane\":[{\"properties\":{\"expanded\":{\"expr\":{\"Literal\":{\"Value\":\"false\"}}}}}]}}",
  "layoutOptimization": 0,
  "pods": [
    {
      "boundSection": "ReportSection1",
      "config": "{\"acceptsFilterContext\":1}",
      "name": "Pod"
    }
  ],
  "resourcePackages": [
    {
      "resourcePackage": {
        "items": [
          {
            "name": "power-bi-obvience-splash3701825477182865.png",
            "path": "power-bi-obvience-splash3701825477182865.png",
            "type": 100
          },
          {
            "name": "power-bi-obvience-splash7724127001129091.png",
            "path": "power-bi-obvience-splash7724127001129091.png",
            "type": 100
          }
        ],
        "name": "RegisteredResources",
        "type": 1
      }
    }
  ],
  "sections": [
    {
      "config": "{}",
      "displayName": "YTD Category",
      "displayOption": 0,
      "filters": "[{\"name\":\"Filter\",\"expression\":{\"Column\":{\"Expression\":{\"SourceRef\":{\"Entity\":\"Date\"}},\"Property\":\"Year\"}},\"filter\":{\"Version\":2,\"From\":[{\"Name\":\"d\",\"Entity\":\"Date\",\"Type\":0}],\"Where\":[{\"Condition\":{\"Comparison\":{\"ComparisonKind\":0,\"Left\":{\"Column\":{\"Expression\":{\"SourceRef\":{\"Source\":\"d\"}},\"Property\":\"Year\"}},\"Right\":{\"Literal\":{\"Value\":\"2014L\"}}}}}]},\"type\":\"Categorical\",\"howCreated\":1,\"isLinkedAsAggregation\":false},{\"name\":\"Filter1\",\"expression\":{\"Column\":{\"Expression\":{\"SourceRef\":{\"Entity\":\"Product\"}},\"Property\":\"Segment\"}},\"type\":\"Categorical\",\"howCreated\":1,\"isLinkedAsAggregation\":false}]",
      "height": 720.00,
      "name": "ReportSection",
      "ordinal": 2,
      "visualContainers": [
        {
          "config": "{\"name\":\"VisualContainer\",\"layouts\":[{\"id\":0,\"position\":{\"x\":171.52737752161383,\"y\":2.3414634146341466,\"z\":0,\"width\":702.7089337175793,\"height\":64.39024390243902}}],\"singleVisual\":{\"visualType\":\"textbox\",\"objects\":{\"general\":[{\"properties\":{\"paragraphs\":[{\"textRuns\":[{\"value\":\"YTD Category Trend Analysis\",\"textStyle\":{\"fontFamily\":\"Heading\",\"fontSize\":\"28pt\",\"fontStyle\":\"normal\",\"fontWeight\":\"normal\"}}]}]}}]}}}",
          "height": 64.39,
          "width": 702.71,
          "x": 171.53,
          "y": 2.34,
          "z": 0.00
        },
        {
          "config": "{\"name\":\"VisualContainer1\",\"layouts\":[{\"id\":0,\"position\":{\"x\":27,\"y\":382,\"z\":1000,\"width\":467,\"height\":313}}],\"singleVisual\":{\"visualType\":\"filledMap\",\"projections\":{\"Category\":[{\"queryRef\":\"select\",\"active\":true}],\"Tooltips\":[{\"queryRef\":\"SalesFact.% Units Market Share\"}]},\"prototypeQuery\":{\"Version\":2,\"From\":[{\"Name\":\"g\",\"Entity\":\"Geo\",\"Type\":0},{\"Name\":\"s\",\"Entity\":\"SalesFact\",\"Type\":0}],\"Select\":[{\"Column\":{\"Expression\":{\"SourceRef\":{\"Source\":\"g\"}},\"Property\":\"State\"},\"Name\":\"select\"},{\"Measure\":{\"Expression\":{\"SourceRef\":{\"Source\":\"s\"}},\"Property\":\"% Units Market Share\"},\"Name\":\"SalesFact.% Units Market Share\"}]},\"objects\":{\"legend\":[{\"properties\":{\"position\":{\"expr\":{\"Literal\":{\"Value\":\"'Top'\"}}},\"show\":{\"expr\":{\"Literal\":{\"Value\":\"false\"}}}}}],\"dataPoint\":[{\"properties\":{\"fill\":{\"solid\":{\"color\":{\"expr\":{\"FillRule\":{\"Input\":{\"Measure\":{\"Expression\":{\"SourceRef\":{\"Entity\":\"SalesFact\"}},\"Property\":\"% Units Market Share\"}},\"FillRule\":{\"linearGradient3\":{\"min\":{\"color\":{\"Literal\":{\"Value\":\"'#01B8AA'\"}}},\"mid\":{\"color\":{\"Literal\":{\"Value\":\"'#ffffff'\"}}},\"max\":{\"color\":{\"Literal\":{\"Value\":\"'#DE3A15'\"}}},\"nullColoringStrategy\":{\"strategy\":{\"Literal\":{\"Value\":\"'asZero'\"}}}}}}}}}}},\"selector\":{\"data\":[{\"dataViewWildcard\":{\"matchingOption\":1}}]}}]},\"vcObjects\":{\"title\":[{\"properties\":{\"show\":{\"expr\":{\"Literal\":{\"Value\":\"true\"}}}}}]}}}",
          "height": 313.00,
          "width": 467.00,
          "x": 27.00,
          "y": 382.00,
          "z": 1000.00
        },
        {
          "config": "{\"name\":\"VisualContainer2\",\"layouts\":[{\"id\":0,\"position\":{\"x\":24.870466321243523,\"y\":79.60975609756098,\"z\":2000,\"width\":472.5388601036269,\"height\":286.8292682926829}}],\"singleVisual\":{\"visualType\":\"treemap\",\"projections\":{\"Group\":[{\"queryRef\":\"select\",\"active\":true}],\"Details\":[{\"queryRef\":\"Geo.Region\"}],\"Values\":[{\"queryRef\":\"SalesFact.Total Units YTD\"}]},\"prototypeQuery\":{\"Version\":2,\"From\":[{\"Name\":\"s\",\"Entity\":\"SalesFact\",\"Type\":0},{\"Name\":\"p\",\"Entity\":\"Product\",\"Type\":0},{\"Name\":\"g\",\"Entity\":\"Geo\",\"Type\":0}],\"Select\":[{\"Column\":{\"Expression\":{\"SourceRef\":{\"Source\":\"p\"}},\"Property\":\"Manufacturer\"},\"Name\":\"select\"},{\"Column\":{\"Expression\":{\"SourceRef\":{\"Source\":\"g\"}},\"Property\":\"Region\"},\"Name\":\"Geo.Region\"},{\"Measure\":{\"Expression\":{\"SourceRef\":{\"Source\":\"s\"}},\"Property\":\"Total Units YTD\"},\"Name\":\"SalesFact.Total Units YTD\"}],\"OrderBy\":[{\"Direction\":2,\"Expression\":{\"Measure\":{\"Expression\":{\"SourceRef\":{\"Source\":\"s\"}},\"Property\":\"Total Units YTD\"}}}]},\"objects\":{\"labels\":[{\"properties\":{\"show\":{\"expr\":{\"Literal\":{\"Value\":\"false\"}}}}}],\"legend\":[{\"properties\":{\"position\":{\"expr\":{\"Literal\":{\"Value\":\"'Top'\"}}},\"show\":{\"expr\":{\"Literal\":{\"Value\":\"true\"}}}}}]},\"vcObjects\":{\"title\":[{\"properties\":{\"show\":{\"expr\":{\"Literal\":{\"Value\":\"true\"}}}}}]}}}",
          "height": 286.83,
          "width": 472.54,
          "x": 24.87,
          "y": 79.61,
          "z": 2000.00
        },
        {
          "config": "{\"name\":\"VisualContainer3\",\"layouts\":[{\"id\":0,\"position\":{\"x\":860.4034582132565,\"y\":684.8780487804878,\"z\":3000,\"width\":98.21325648414985,\"height\":33.951219512195124}}],\"singleVisual\":{\"visualType\":\"textbox\",\"objects\":{\"general\":[{\"properties\":{\"paragraphs\":[{\"textRuns\":[{\"value\":\"obvience llc ©\",\"textStyle\":{\"fontFamily\":\"Heading\",\"fontSize\":\"9pt\",\"fontStyle\":\"normal\",\"fontWeight\":\"normal\"}}],\"horizontalTextAlignment\":\"right\"}]}}]}}}",
          "height": 33.95,
          "width": 98.21,
          "x": 860.40,
          "y": 684.88,
          "z": 3000.00
        },
        {
          "config": "{\"name\":\"VisualContainer4\",\"layouts\":[{\"id\":0,\"position\":{\"x\":522,\"y\":383,\"z\":4000,\"width\":413,\"height\":313}}],\"singleVisual\":{\"visualType\":\"clusteredColumnChart\",\"projections\":{\"Category\":[{\"queryRef\":\"select\",\"active\":true}],\"Series\":[{\"queryRef\":\"select1\"}],\"Y\":[{\"queryRef\":\"select2\"}]},\"prototypeQuery\":{\"Version\":2,\"From\":[{\"Name\":\"d\",\"Entity\":\"Date\",\"Type\":0},{\"Name\":\"p\",\"Entity\":\"Product\",\"Type\":0},{\"Name\":\"s\",\"Entity\":\"SalesFact\",\"Type\":0}],\"Select\":[{\"Column\":{\"Expression\":{\"SourceRef\":{\"Source\":\"d\"}},\"Property\":\"Month\"},\"Name\":\"select\"},{\"Column\":{\"Expression\":{\"SourceRef\":{\"Source\":\"p\"}},\"Property\":\"Manufacturer\"},\"Name\":\"select1\"},{\"Measure\":{\"Expression\":{\"SourceRef\":{\"Source\":\"s\"}},\"Property\":\"Total Units YTD Var %\"},\"Name\":\"select2\"}]},\"objects\":{\"categoryAxis\":[{\"properties\":{\"axisType\":{\"expr\":{\"Literal\":{\"Value\":\"'Categorical'\"}}}}}],\"labels\":[{\"properties\":{\"show\":{\"expr\":{\"Literal\":{\"Value\":\"false\"}}}}}],\"legend\":[{\"properties\":{\"position\":{\"expr\":{\"Literal\":{\"Value\":\"'Top'\"}}},\"show\":{\"expr\":{\"Literal\":{\"Value\":\"true\"}}}}}]},\"vcObjects\":{\"title\":[{\"properties\":{\"show\":{\"expr\":{\"Literal\":{\"Value\":\"true\"}}}}}]}}}",
          "filters": "[{\"expression\":{\"Column\":{\"Expression\":{\"SourceRef\":{\"Entity\":\"Product\"}},\"Property\":\"Manufacturer\"}},\"filter\":{\"Version\":2,\"From\":[{\"Name\":\"p\",\"Entity\":\"Product\",\"Type\":0}],\"Where\":[{\"Condition\":{\"Or\":{\"Left\":{\"Or\":{\"Left\":{\"Or\":{\"Left\":{\"Comparison\":{\"ComparisonKind\":0,\"Left\":{\"Column\":{\"Expression\":{\"SourceRef\":{\"Source\":\"p\"}},\"Property\":\"Manufacturer\"}},\"Right\":{\"Literal\":{\"Value\":\"'VanArsdel'\"}}}},\"Right\":{\"Comparison\":{\"ComparisonKind\":0,\"Left\":{\"Column\":{\"Expression\":{\"SourceRef\":{\"Source\":\"p\"}},\"Property\":\"Manufacturer\"}},\"Right\":{\"Literal\":{\"Value\":\"'Natura'\"}}}}}},\"Right\":{\"Comparison\":{\"ComparisonKind\":0,\"Left\":{\"Column\":{\"Expression\":{\"SourceRef\":{\"Source\":\"p\"}},\"Property\":\"Manufacturer\"}},\"Right\":{\"Literal\":{\"Value\":\"'Aliqui'\"}}}}}},\"Right\":{\"Comparison\":{\"ComparisonKind\":0,\"Left\":{\"Column\":{\"Expression\":{\"SourceRef\":{\"Source\":\"p\"}},\"Property\":\"Manufacturer\"}},\"Right\":{\"Literal\":{\"Value\":\"'Pirum'\"}}}}}}}]},\"type\":\"Categorical\",\"howCreated\":1}]",
          "height": 313.00,
          "width": 413.00,
          "x": 522.00,
          "y": 383.00,
          "z": 4000.00
        },
        {
          "config": "{\"name\":\"VisualContainer5\",\"layouts\":[{\"id\":0,\"position\":{\"x\":525,\"y\":75,\"z\":5000,\"width\":411,\"height\":283}}],\"singleVisual\":{\"visualType\":\"lineChart\",\"projections\":{\"Category\":[{\"queryRef\":\"select\",\"active\":true}],\"Series\":[{\"queryRef\":\"select1\"}],\"Y\":[{\"queryRef\":\"select2\"}]},\"prototypeQuery\":{\"Version\":2,\"From\":[{\"Name\":\"d\",\"Entity\":\"Date\",\"Type\":0},{\"Name\":\"p\",\"Entity\":\"Product\",\"Type\":0},{\"Name\":\"s\",\"Entity\":\"SalesFact\",\"Type\":0}],\"Select\":[{\"Column\":{\"Expression\":{\"SourceRef\":{\"Source\":\"d\"}},\"Property\":\"Month\"},\"Name\":\"select\"},{\"Column\":{\"Expression\":{\"SourceRef\":{\"Source\":\"p\"}},\"Property\":\"Manufacturer\"},\"Name\":\"select1\"},{\"Measure\":{\"Expression\":{\"SourceRef\":{\"Source\":\"s\"}},\"Property\":\"Total Units\"},\"Name\":\"select2\"}]},\"objects\":{\"categoryAxis\":[{\"properties\":{\"axisType\":{\"expr\":{\"Literal\":{\"Value\":\"'Categorical'\"}}}}}],\"labels\":[{\"properties\":{\"show\":{\"expr\":{\"Literal\":{\"Value\":\"false\"}}}}}],\"legend\":[{\"properties\":{\"position\":{\"expr\":{\"Literal\":{\"Value\":\"'Top'\"}}},\"show\":{\"expr\":{\"Literal\":{\"Value\":\"true\"}}}}}]},\"vcObjects\":{\"title\":[{\"properties\":{\"show\":{\"expr\":{\"Literal\":{\"Value\":\"true\"}}}}}]}}}",
          "filters": "[{\"expression\":{\"Column\":{\"Expression\":{\"SourceRef\":{\"Entity\":\"Product\"}},\"Property\":\"Manufacturer\"}},\"filter\":{\"Version\":2,\"From\":[{\"Name\":\"p\",\"Entity\":\"Product\",\"Type\":0}],\"Where\":[{\"Condition\":{\"Or\":{\"Left\":{\"Or\":{\"Left\":{\"Or\":{\"Left\":{\"Comparison\":{\"ComparisonKind\":0,\"Left\":{\"Column\":{\"Expression\":{\"SourceRef\":{\"Source\":\"p\"}},\"Property\":\"Manufacturer\"}},\"Right\":{\"Literal\":{\"Value\":\"'VanArsdel'\"}}}},\"Right\":{\"Comparison\":{\"ComparisonKind\":0,\"Left\":{\"Column\":{\"Expression\":{\"SourceRef\":{\"Source\":\"p\"}},\"Property\":\"Manufacturer\"}},\"Right\":{\"Literal\":{\"Value\":\"'Natura'\"}}}}}},\"Right\":{\"Comparison\":{\"ComparisonKind\":0,\"Left\":{\"Column\":{\"Expression\":{\"SourceRef\":{\"Source\":\"p\"}},\"Property\":\"Manufacturer\"}},\"Right\":{\"Literal\":{\"Value\":\"'Aliqui'\"}}}}}},\"Right\":{\"Comparison\":{\"ComparisonKind\":0,\"Left\":{\"Column\":{\"Expression\":{\"SourceRef\":{\"Source\":\"p\"}},\"Property\":\"Manufacturer\"}},\"Right\":{\"Literal\":{\"Value\":\"'Pirum'\"}}}}}}}]},\"type\":\"Categorical\",\"howCreated\":1}]",
          "height": 283.00,
          "width": 411.00,
          "x": 525.00,
          "y": 75.00,
          "z": 5000.00
        }
      ],
      "width": 960.00
    },
    {
      "config": "{}",
      "displayName": "Info",
      "displayOption": 1,
      "filters": "[]",
      "height": 720.00,
      "name": "ReportSection1",
      "visualContainers": [
        {
          "config": "{\"name\":\"VisualContainer\",\"layouts\":[{\"id\":0,\"position\":{\"x\":1.2631578947368423,\"y\":20.210526315789476,\"z\":0,\"width\":1277.0526315789475,\"height\":697.2631578947369}}],\"singleVisual\":{\"visualType\":\"image\",\"objects\":{\"general\":[{\"properties\":{\"imageUrl\":{\"expr\":{\"ResourcePackageItem\":{\"PackageName\":\"RegisteredResources\",\"PackageType\":1,\"ItemName\":\"power-bi-obvience-splash3701825477182865.png\"}}}}}]}}}",
          "height": 697.26,
          "width": 1277.05,
          "x": 1.26,
          "y": 20.21,
          "z": 0.00
        },
        {
          "config": "{\"name\":\"VisualContainer1\",\"layouts\":[{\"id\":0,\"position\":{\"x\":64.42105263157895,\"y\":246.31578947368422,\"z\":1000,\"width\":300.63157894736844,\"height\":59.36842105263158}}],\"singleVisual\":{\"visualType\":\"textbox\",\"objects\":{\"general\":[{\"properties\":{\"paragraphs\":[{\"textRuns\":[{\"value\":\"www.obvience.com\",\"textStyle\":{\"fontSize\":\"15pt\",\"color\":\"#01b8aa\"},\"url\":\"http://www.obvience.com\"}]}]}}]},\"vcObjects\":{\"background\":[{\"properties\":{\"color\":{\"solid\":{\"color\":{\"expr\":{\"Literal\":{\"Value\":\"'#000000'\"}}}}},\"show\":{\"expr\":{\"Literal\":{\"Value\":\"true\"}}},\"transparency\":{\"expr\":{\"Literal\":{\"Value\":\"0L\"}}}}}]}}}",
          "height": 59.37,
          "width": 300.63,
          "x": 64.42,
          "y": 246.32,
          "z": 1000.00
        }
      ],
      "width": 1280.00
    },
    {
      "config": "{}",
      "displayName": "Market Share",
      "displayOption": 0,
      "filters": "[{\"name\":\"Filter\",\"expression\":{\"Column\":{\"Expression\":{\"SourceRef\":{\"Entity\":\"Product\"}},\"Property\":\"Segment\"}},\"type\":\"Categorical\",\"howCreated\":1,\"isLinkedAsAggregation\":false},{\"name\":\"Filter1\",\"expression\":{\"Column\":{\"Expression\":{\"SourceRef\":{\"Entity\":\"Date\"}},\"Property\":\"Month\"}},\"type\":\"Categorical\",\"howCreated\":1,\"isLinkedAsAggregation\":false},{\"name\":\"Filter2\",\"expression\":{\"Column\":{\"Expression\":{\"SourceRef\":{\"Entity\":\"Product\"}},\"Property\":\"isVanArsdel\"}},\"type\":\"Categorical\",\"howCreated\":1,\"isLinkedAsAggregation\":false}]",
      "height": 720.00,
      "name": "ReportSection2",
      "ordinal": 1,
      "visualContainers": [
        {
          "config": "{\"name\":\"VisualContainer\",\"layouts\":[{\"id\":0,\"position\":{\"x\":24.641711229946523,\"y\":7.210300429184549,\"z\":0,\"width\":436.3636363636364,\"height\":48.412017167381975}}],\"singleVisual\":{\"visualType\":\"textbox\",\"objects\":{\"general\":[{\"properties\":{\"paragraphs\":[{\"textRuns\":[{\"value\":\"VanArsdel Ltd. - Market Share\",\"textStyle\":{\"fontSize\":\"21pt\"}}]}]}}]}}}",
          "height": 48.41,
          "width": 436.36,
          "x": 24.64,
          "y": 7.21,
          "z": 0.00
        },
        {
          "config": "{\"name\":\"VisualContainer1\",\"layouts\":[{\"id\":0,\"position\":{\"x\":26.6951871657754,\"y\":475.87982832618025,\"z\":1000,\"width\":906.6096256684492,\"height\":221.45922746781116}}],\"singleVisual\":{\"visualType\":\"clusteredColumnChart\",\"projections\":{\"Category\":[{\"queryRef\":\"select\",\"active\":true}],\"Series\":[{\"queryRef\":\"select1\"}],\"Y\":[{\"queryRef\":\"select2\"}]},\"prototypeQuery\":{\"Version\":2,\"From\":[{\"Name\":\"d\",\"Entity\":\"Date\",\"Type\":0},{\"Name\":\"p\",\"Entity\":\"Product\",\"Type\":0},{\"Name\":\"s\",\"Entity\":\"SalesFact\",\"Type\":0}],\"Select\":[{\"Column\":{\"Expression\":{\"SourceRef\":{\"Source\":\"d\"}},\"Property\":\"Month\"},\"Name\":\"select\"},{\"Column\":{\"Expression\":{\"SourceRef\":{\"Source\":\"p\"}},\"Property\":\"isVanArsdel\"},\"Name\":\"select1\"},{\"Measure\":{\"Expression\":{\"SourceRef\":{\"Source\":\"s\"}},\"Property\":\"Total Units\"},\"Name\":\"select2\"}]},\"objects\":{\"categoryAxis\":[{\"properties\":{\"axisType\":{\"expr\":{\"Literal\":{\"Value\":\"'Categorical'\"}}}}}],\"labels\":[{\"properties\":{\"show\":{\"expr\":{\"Literal\":{\"Value\":\"true\"}}}}}],\"legend\":[{\"properties\":{\"position\":{\"expr\":{\"Literal\":{\"Value\":\"'Top'\"}}},\"show\":{\"expr\":{\"Literal\":{\"Value\":\"true\"}}}}}]},\"vcObjects\":{\"title\":[{\"properties\":{\"show\":{\"expr\":{\"Literal\":{\"Value\":\"true\"}}}}}]}}}",
          "filters": "[{\"expression\":{\"Column\":{\"Expression\":{\"SourceRef\":{\"Entity\":\"Date\"}},\"Property\":\"Running Year\"}},\"filter\":{\"Version\":2,\"From\":[{\"Name\":\"d\",\"Entity\":\"Date\",\"Type\":0}],\"Where\":[{\"Condition\":{\"Or\":{\"Left\":{\"Comparison\":{\"ComparisonKind\":0,\"Left\":{\"Column\":{\"Expression\":{\"SourceRef\":{\"Source\":\"d\"}},\"Property\":\"Running Year\"}},\"Right\":{\"Literal\":{\"Value\":\"1L\"}}}},\"Right\":{\"Comparison\":{\"ComparisonKind\":0,\"Left\":{\"Column\":{\"Expression\":{\"SourceRef\":{\"Source\":\"d\"}},\"Property\":\"Running Year\"}},\"Right\":{\"Literal\":{\"Value\":\"2L\"}}}}}}}]},\"type\":\"Categorical\",\"howCreated\":1}]",
          "height": 221.46,
          "width": 906.61,
          "x": 26.70,
          "y": 475.88,
          "z": 1000.00
        },
        {
          "config": "{\"name\":\"VisualContainer2\",\"layouts\":[{\"id\":0,\"position\":{\"x\":26,\"y\":66,\"z\":2000,\"width\":125,\"height\":67}}],\"singleVisual\":{\"visualType\":\"multiRowCard\",\"projections\":{\"Values\":[{\"queryRef\":\"select\"}]},\"prototypeQuery\":{\"Version\":2,\"From\":[{\"Name\":\"s\",\"Entity\":\"SalesFact\",\"Type\":0}],\"Select\":[{\"Measure\":{\"Expression\":{\"SourceRef\":{\"Source\":\"s\"}},\"Property\":\"Total Category Volume\"},\"Name\":\"select\"}]}}}",
          "filters": "[{\"expression\":{\"Column\":{\"Expression\":{\"SourceRef\":{\"Entity\":\"Date\"}},\"Property\":\"Running Year\"}},\"filter\":{\"Version\":2,\"From\":[{\"Name\":\"d\",\"Entity\":\"Date\",\"Type\":0}],\"Where\":[{\"Condition\":{\"Comparison\":{\"ComparisonKind\":0,\"Left\":{\"Column\":{\"Expression\":{\"SourceRef\":{\"Source\":\"d\"}},\"Property\":\"Running Year\"}},\"Right\":{\"Literal\":{\"Value\":\"1L\"}}}}}]},\"type\":\"Categorical\",\"howCreated\":1}]",
          "height": 67.00,
          "width": 125.00,
          "x": 26.00,
          "y": 66.00,
          "z": 2000.00
        },
        {
          "config": "{\"name\":\"VisualContainer3\",\"layouts\":[{\"id\":0,\"position\":{\"x\":23.614973262032084,\"y\":221.45922746781116,\"z\":3000,\"width\":512.3422459893048,\"height\":247.21030042918454}}],\"singleVisual\":{\"visualType\":\"lineChart\",\"projections\":{\"Category\":[{\"queryRef\":\"select\",\"active\":true}],\"Y\":[{\"queryRef\":\"select2\"},{\"queryRef\":\"select1\"}]},\"prototypeQuery\":{\"Version\":2,\"From\":[{\"Name\":\"d\",\"Entity\":\"Date\",\"Type\":0},{\"Name\":\"s\",\"Entity\":\"SalesFact\",\"Type\":0}],\"Select\":[{\"Column\":{\"Expression\":{\"SourceRef\":{\"Source\":\"d\"}},\"Property\":\"Month\"},\"Name\":\"select\"},{\"Measure\":{\"Expression\":{\"SourceRef\":{\"Source\":\"s\"}},\"Property\":\"% Units Market Share R12M\"},\"Name\":\"select1\"},{\"Measure\":{\"Expression\":{\"SourceRef\":{\"Source\":\"s\"}},\"Property\":\"% Units Market Share\"},\"Name\":\"select2\"}]},\"objects\":{\"categoryAxis\":[{\"properties\":{\"axisType\":{\"expr\":{\"Literal\":{\"Value\":\"'Categorical'\"}}}}}],\"labels\":[{\"properties\":{\"show\":{\"expr\":{\"Literal\":{\"Value\":\"false\"}}}}}],\"legend\":[{\"properties\":{\"position\":{\"expr\":{\"Literal\":{\"Value\":\"'Top'\"}}},\"show\":{\"expr\":{\"Literal\":{\"Value\":\"true\"}}}}}]},\"vcObjects\":{\"title\":[{\"properties\":{\"show\":{\"expr\":{\"Literal\":{\"Value\":\"true\"}}},\"text\":{\"expr\":{\"Literal\":{\"Value\":\"'% Units Market Share R12M and % Units Market Share by Month'\"}}}}}]}}}",
          "filters": "[{\"expression\":{\"Column\":{\"Expression\":{\"SourceRef\":{\"Entity\":\"Date\"}},\"Property\":\"Running Year\"}},\"filter\":{\"Version\":2,\"From\":[{\"Name\":\"d\",\"Entity\":\"Date\",\"Type\":0}],\"Where\":[{\"Condition\":{\"In\":{\"Expressions\":[{\"Column\":{\"Expression\":{\"SourceRef\":{\"Source\":\"d\"}},\"Property\":\"Running Year\"}}],\"Values\":[[{\"Literal\":{\"Value\":\"1L\"}}]]}}}]},\"type\":\"Categorical\",\"howCreated\":1}]",
          "height": 247.21,
          "width": 512.34,
          "x": 23.61,
          "y": 221.46,
          "z": 3000.00
        },
        {
          "config": "{\"name\":\"VisualContainer4\",\"layouts\":[{\"id\":0,\"position\":{\"x\":539.6891191709844,\"y\":290.3414634146342,\"z\":4000,\"width\":396.6839378238342,\"height\":159.21951219512195}}],\"singleVisual\":{\"visualType\":\"barChart\",\"projections\":{\"Category\":[{\"queryRef\":\"select\",\"active\":true}],\"Y\":[{\"queryRef\":\"select1\"}]},\"prototypeQuery\":{\"Version\":2,\"From\":[{\"Name\":\"p\",\"Entity\":\"Product\",\"Type\":0},{\"Name\":\"s\",\"Entity\":\"SalesFact\",\"Type\":0}],\"Select\":[{\"Column\":{\"Expression\":{\"SourceRef\":{\"Source\":\"p\"}},\"Property\":\"Segment\"},\"Name\":\"select\"},{\"Measure\":{\"Expression\":{\"SourceRef\":{\"Source\":\"s\"}},\"Property\":\"Total Category Volume\"},\"Name\":\"select1\"}]},\"objects\":{\"categoryAxis\":[{\"properties\":{\"axisType\":{\"expr\":{\"Literal\":{\"Value\":\"'Categorical'\"}}},\"concatenateLabels\":{\"expr\":{\"Literal\":{\"Value\":\"true\"}}}}}],\"labels\":[{\"properties\":{\"show\":{\"expr\":{\"Literal\":{\"Value\":\"true\"}}}}}],\"legend\":[{\"properties\":{\"position\":{\"expr\":{\"Literal\":{\"Value\":\"'Right'\"}}},\"show\":{\"expr\":{\"Literal\":{\"Value\":\"true\"}}}}}]},\"vcObjects\":{\"title\":[{\"properties\":{\"show\":{\"expr\":{\"Literal\":{\"Value\":\"false\"}}}}}]}}}",
          "filters": "[{\"expression\":{\"Column\":{\"Expression\":{\"SourceRef\":{\"Entity\":\"Date\"}},\"Property\":\"Running Year\"}},\"filter\":{\"Version\":2,\"From\":[{\"Name\":\"d\",\"Entity\":\"Date\",\"Type\":0}],\"Where\":[{\"Condition\":{\"Comparison\":{\"ComparisonKind\":0,\"Left\":{\"Column\":{\"Expression\":{\"SourceRef\":{\"Source\":\"d\"}},\"Property\":\"Running Year\"}},\"Right\":{\"Literal\":{\"Value\":\"1L\"}}}}}]},\"type\":\"Categorical\",\"howCreated\":1},{\"expression\":{\"Column\":{\"Expression\":{\"SourceRef\":{\"Entity\":\"Product\"}},\"Property\":\"Segment\"}},\"filter\":{\"Version\":2,\"From\":[{\"Name\":\"p\",\"Entity\":\"Product\",\"Type\":0}],\"Where\":[{\"Condition\":{\"Or\":{\"Left\":{\"Comparison\":{\"ComparisonKind\":0,\"Left\":{\"Column\":{\"Expression\":{\"SourceRef\":{\"Source\":\"p\"}},\"Property\":\"Segment\"}},\"Right\":{\"Literal\":{\"Value\":\"'Convenience'\"}}}},\"Right\":{\"Comparison\":{\"ComparisonKind\":0,\"Left\":{\"Column\":{\"Expression\":{\"SourceRef\":{\"Source\":\"p\"}},\"Property\":\"Segment\"}},\"Right\":{\"Literal\":{\"Value\":\"'Moderation'\"}}}}}}}]},\"type\":\"Categorical\",\"howCreated\":0}]",
          "height": 159.22,
          "width": 396.68,
          "x": 539.69,
          "y": 290.34,
          "z": 4000.00
        },
        {
          "config": "{\"name\":\"VisualContainer5\",\"layouts\":[{\"id\":0,\"position\":{\"x\":860.5181347150259,\"y\":681.3658536585366,\"z\":5000,\"width\":98.23834196891191,\"height\":38.63414634146341}}],\"singleVisual\":{\"visualType\":\"textbox\",\"objects\":{\"general\":[{\"properties\":{\"paragraphs\":[{\"textRuns\":[{\"value\":\"obvience llc ©\",\"textStyle\":{\"fontFamily\":\"Heading\",\"fontSize\":\"9pt\",\"fontStyle\":\"normal\",\"fontWeight\":\"normal\"}}]}]}}]}}}",
          "height": 38.63,
          "width": 98.24,
          "x": 860.52,
          "y": 681.37,
          "z": 5000.00
        },
        {
          "config": "{\"name\":\"VisualContainer6\",\"layouts\":[{\"id\":0,\"position\":{\"x\":449.71122994652404,\"y\":31.931330472103003,\"z\":6000,\"width\":487.7005347593583,\"height\":201.88841201716738}}],\"singleVisual\":{\"visualType\":\"clusteredColumnChart\",\"projections\":{\"Category\":[{\"queryRef\":\"select\",\"active\":true}],\"Series\":[{\"queryRef\":\"select1\"}],\"Y\":[{\"queryRef\":\"select2\"}]},\"prototypeQuery\":{\"Version\":2,\"From\":[{\"Name\":\"d\",\"Entity\":\"Date\",\"Type\":0},{\"Name\":\"g\",\"Entity\":\"Geo\",\"Type\":0},{\"Name\":\"s\",\"Entity\":\"SalesFact\",\"Type\":0}],\"Select\":[{\"Column\":{\"Expression\":{\"SourceRef\":{\"Source\":\"d\"}},\"Property\":\"Rolling Period\"},\"Name\":\"select\"},{\"Column\":{\"Expression\":{\"SourceRef\":{\"Source\":\"g\"}},\"Property\":\"Region\"},\"Name\":\"select1\"},{\"Measure\":{\"Expression\":{\"SourceRef\":{\"Source\":\"s\"}},\"Property\":\"% Unit Market Share YOY Change\"},\"Name\":\"select2\"}]},\"objects\":{\"categoryAxis\":[{\"properties\":{\"axisType\":{\"expr\":{\"Literal\":{\"Value\":\"'Categorical'\"}}}}}],\"labels\":[{\"properties\":{\"show\":{\"expr\":{\"Literal\":{\"Value\":\"false\"}}}}}],\"legend\":[{\"properties\":{\"position\":{\"expr\":{\"Literal\":{\"Value\":\"'Top'\"}}},\"show\":{\"expr\":{\"Literal\":{\"Value\":\"true\"}}}}}]},\"vcObjects\":{\"title\":[{\"properties\":{\"show\":{\"expr\":{\"Literal\":{\"Value\":\"false\"}}}}}]}}}",
          "filters": "[{\"expression\":{\"Column\":{\"Expression\":{\"SourceRef\":{\"Entity\":\"Date\"}},\"Property\":\"Running Year\"}},\"filter\":{\"Version\":2,\"From\":[{\"Name\":\"d\",\"Entity\":\"Date\",\"Type\":0}],\"Where\":[{\"Condition\":{\"Comparison\":{\"ComparisonKind\":0,\"Left\":{\"Column\":{\"Expression\":{\"SourceRef\":{\"Source\":\"d\"}},\"Property\":\"Running Year\"}},\"Right\":{\"Literal\":{\"Value\":\"1L\"}}}}}]},\"type\":\"Advanced\",\"howCreated\":1}]",
          "height": 201.89,
          "width": 487.70,
          "x": 449.71,
          "y": 31.93,
          "z": 6000.00
        },
        {
          "config": "{\"name\":\"VisualContainer7\",\"layouts\":[{\"id\":0,\"position\":{\"x\":180,\"y\":66,\"z\":7000,\"width\":123,\"height\":75}}],\"singleVisual\":{\"visualType\":\"multiRowCard\",\"projections\":{\"Values\":[{\"queryRef\":\"select\"}]},\"prototypeQuery\":{\"Version\":2,\"From\":[{\"Name\":\"s\",\"Entity\":\"SalesFact\",\"Type\":0}],\"Select\":[{\"Measure\":{\"Expression\":{\"SourceRef\":{\"Source\":\"s\"}},\"Property\":\"% Units Market Share\"},\"Name\":\"select\"}]}}}",
          "filters": "[{\"expression\":{\"Column\":{\"Expression\":{\"SourceRef\":{\"Entity\":\"Date\"}},\"Property\":\"Running Year\"}},\"filter\":{\"Version\":2,\"From\":[{\"Name\":\"d\",\"Entity\":\"Date\",\"Type\":0}],\"Where\":[{\"Condition\":{\"Comparison\":{\"ComparisonKind\":0,\"Left\":{\"Column\":{\"Expression\":{\"SourceRef\":{\"Source\":\"d\"}},\"Property\":\"Running Year\"}},\"Right\":{\"Literal\":{\"Value\":\"1L\"}}}}}]},\"type\":\"Categorical\",\"howCreated\":1}]",
          "height": 75.00,
          "width": 123.00,
          "x": 180.00,
          "y": 66.00,
          "z": 7000.00
        },
        {
          "config": "{\"name\":\"VisualContainer8\",\"layouts\":[{\"id\":0,\"position\":{\"x\":533.8332120506476,\"y\":9.278564031756991,\"z\":8000,\"width\":424.7416678794935,\"height\":41.09078356920953}}],\"singleVisual\":{\"visualType\":\"textbox\",\"objects\":{\"general\":[{\"properties\":{\"paragraphs\":[{\"textRuns\":[{\"value\":\"% Unit Market Share YOY Change by Rolling Period and Region\",\"textStyle\":{\"fontWeight\":\"bold\",\"fontSize\":\"11pt\"}}]}]}}]}}}",
          "height": 41.09,
          "width": 424.74,
          "x": 533.83,
          "y": 9.28,
          "z": 8000.00
        },
        {
          "config": "{\"name\":\"VisualContainer9\",\"layouts\":[{\"id\":0,\"position\":{\"x\":552.1243523316062,\"y\":249.3658536585366,\"z\":9000,\"width\":358.1347150259067,\"height\":42.146341463414636}}],\"singleVisual\":{\"visualType\":\"textbox\",\"objects\":{\"general\":[{\"properties\":{\"paragraphs\":[{\"textRuns\":[{\"value\":\"Total Category Volume by Segment\",\"textStyle\":{\"fontWeight\":\"bold\",\"fontSize\":\"11pt\"}}]}]}}]}}}",
          "height": 42.15,
          "width": 358.13,
          "x": 552.12,
          "y": 249.37,
          "z": 9000.00
        }
      ],
      "width": 960.00
    },
    {
      "config": "{}",
      "displayName": "Sentiment",
      "displayOption": 0,
      "filters": "[]",
      "height": 720.00,
      "name": "ReportSection3",
      "ordinal": 3,
      "visualContainers": [
        {
          "config": "{\"name\":\"VisualContainer\",\"layouts\":[{\"id\":0,\"position\":{\"x\":25,\"y\":7,\"z\":0,\"width\":347,\"height\":69}}],\"singleVisual\":{\"visualType\":\"textbox\",\"objects\":{\"general\":[{\"properties\":{\"paragraphs\":[{\"textRuns\":[{\"value\":\"Sentiment Analysis\",\"textStyle\":{\"fontFamily\":\"Heading\",\"fontSize\":\"28pt\",\"fontStyle\":\"normal\",\"fontWeight\":\"normal\"}}],\"horizontalTextAlignment\":\"left\"}]}}]}}}",
          "height": 69.00,
          "width": 347.00,
          "x": 25.00,
          "y": 7.00,
          "z": 0.00
        },
        {
          "config": "{\"name\":\"VisualContainer1\",\"layouts\":[{\"id\":0,\"position\":{\"x\":33.48837209302325,\"y\":134.5506419400856,\"z\":1000,\"width\":502.3255813953488,\"height\":264.99286733238233}}],\"singleVisual\":{\"visualType\":\"lineChart\",\"projections\":{\"Category\":[{\"queryRef\":\"select\",\"active\":true}],\"Series\":[{\"queryRef\":\"select1\"}],\"Y\":[{\"queryRef\":\"select2\"}]},\"prototypeQuery\":{\"Version\":2,\"From\":[{\"Name\":\"d\",\"Entity\":\"Date\",\"Type\":0},{\"Name\":\"m\",\"Entity\":\"Manufacturer\",\"Type\":0},{\"Name\":\"s\",\"Entity\":\"SalesFact\",\"Type\":0}],\"Select\":[{\"Column\":{\"Expression\":{\"SourceRef\":{\"Source\":\"d\"}},\"Property\":\"Month\"},\"Name\":\"select\"},{\"Column\":{\"Expression\":{\"SourceRef\":{\"Source\":\"m\"}},\"Property\":\"MfgisVanArsdel\"},\"Name\":\"select1\"},{\"Measure\":{\"Expression\":{\"SourceRef\":{\"Source\":\"s\"}},\"Property\":\"Sentiment\"},\"Name\":\"select2\"}]},\"objects\":{\"categoryAxis\":[{\"properties\":{\"axisType\":{\"expr\":{\"Literal\":{\"Value\":\"'Categorical'\"}}}}}],\"labels\":[{\"properties\":{\"show\":{\"expr\":{\"Literal\":{\"Value\":\"false\"}}}}}],\"legend\":[{\"properties\":{\"position\":{\"expr\":{\"Literal\":{\"Value\":\"'Top'\"}}},\"show\":{\"expr\":{\"Literal\":{\"Value\":\"true\"}}}}}]},\"vcObjects\":{\"title\":[{\"properties\":{\"show\":{\"expr\":{\"Literal\":{\"Value\":\"true\"}}},\"text\":{\"expr\":{\"Literal\":{\"Value\":\"'VanArsdel - Sentiment by Month'\"}}}}}]}}}",
          "filters": "[{\"expression\":{\"Column\":{\"Expression\":{\"SourceRef\":{\"Entity\":\"Date\"}},\"Property\":\"Running Year\"}},\"filter\":{\"Version\":2,\"From\":[{\"Name\":\"d\",\"Entity\":\"Date\",\"Type\":0}],\"Where\":[{\"Condition\":{\"Or\":{\"Left\":{\"Comparison\":{\"ComparisonKind\":0,\"Left\":{\"Column\":{\"Expression\":{\"SourceRef\":{\"Source\":\"d\"}},\"Property\":\"Running Year\"}},\"Right\":{\"Literal\":{\"Value\":\"1L\"}}}},\"Right\":{\"Comparison\":{\"ComparisonKind\":0,\"Left\":{\"Column\":{\"Expression\":{\"SourceRef\":{\"Source\":\"d\"}},\"Property\":\"Running Year\"}},\"Right\":{\"Literal\":{\"Value\":\"2L\"}}}}}}}]},\"type\":\"Categorical\",\"howCreated\":1},{\"expression\":{\"Column\":{\"Expression\":{\"SourceRef\":{\"Entity\":\"Manufacturer\"}},\"Property\":\"MfgisVanArsdel\"}},\"filter\":{\"Version\":2,\"From\":[{\"Name\":\"m\",\"Entity\":\"Manufacturer\",\"Type\":0}],\"Where\":[{\"Condition\":{\"Comparison\":{\"ComparisonKind\":0,\"Left\":{\"Column\":{\"Expression\":{\"SourceRef\":{\"Source\":\"m\"}},\"Property\":\"MfgisVanArsdel\"}},\"Right\":{\"Literal\":{\"Value\":\"'Yes'\"}}}}}]},\"type\":\"Categorical\",\"howCreated\":0}]",
          "height": 264.99,
          "width": 502.33,
          "x": 33.49,
          "y": 134.55,
          "z": 1000.00
        },
        {
          "config": "{\"name\":\"VisualContainer2\",\"layouts\":[{\"id\":0,\"position\":{\"x\":640.7441860465116,\"y\":17.46077032810271,\"z\":2000,\"width\":300.27906976744185,\"height\":676.8616262482168}}],\"singleVisual\":{\"visualType\":\"clusteredBarChart\",\"projections\":{\"Category\":[{\"queryRef\":\"select\",\"active\":true}],\"Series\":[{\"queryRef\":\"select1\"}],\"Y\":[{\"queryRef\":\"select2\"}]},\"prototypeQuery\":{\"Version\":2,\"From\":[{\"Name\":\"g\",\"Entity\":\"Geo\",\"Type\":0},{\"Name\":\"s\",\"Entity\":\"SalesFact\",\"Type\":0}],\"Select\":[{\"Column\":{\"Expression\":{\"SourceRef\":{\"Source\":\"g\"}},\"Property\":\"District\"},\"Name\":\"select\"},{\"Column\":{\"Expression\":{\"SourceRef\":{\"Source\":\"g\"}},\"Property\":\"Region\"},\"Name\":\"select1\"},{\"Measure\":{\"Expression\":{\"SourceRef\":{\"Source\":\"s\"}},\"Property\":\"Sentiment Gap\"},\"Name\":\"select2\"}]},\"objects\":{\"categoryAxis\":[{\"properties\":{\"axisType\":{\"expr\":{\"Literal\":{\"Value\":\"'Categorical'\"}}},\"concatenateLabels\":{\"expr\":{\"Literal\":{\"Value\":\"true\"}}}}}],\"labels\":[{\"properties\":{\"show\":{\"expr\":{\"Literal\":{\"Value\":\"false\"}}}}}],\"legend\":[{\"properties\":{\"position\":{\"expr\":{\"Literal\":{\"Value\":\"'Top'\"}}},\"show\":{\"expr\":{\"Literal\":{\"Value\":\"true\"}}}}}]},\"vcObjects\":{\"title\":[{\"properties\":{\"show\":{\"expr\":{\"Literal\":{\"Value\":\"true\"}}}}}]}}}",
          "filters": "[{\"expression\":{\"Column\":{\"Expression\":{\"SourceRef\":{\"Entity\":\"Date\"}},\"Property\":\"Rolling Period\"}},\"filter\":{\"Version\":2,\"From\":[{\"Name\":\"d\",\"Entity\":\"Date\",\"Type\":0}],\"Where\":[{\"Condition\":{\"Comparison\":{\"ComparisonKind\":0,\"Left\":{\"Column\":{\"Expression\":{\"SourceRef\":{\"Source\":\"d\"}},\"Property\":\"Rolling Period\"}},\"Right\":{\"Literal\":{\"Value\":\"'P-00'\"}}}}}]},\"type\":\"Categorical\",\"howCreated\":1},{\"expression\":{\"Column\":{\"Expression\":{\"SourceRef\":{\"Entity\":\"Date\"}},\"Property\":\"Running Year\"}},\"filter\":{\"Version\":2,\"From\":[{\"Name\":\"d\",\"Entity\":\"Date\",\"Type\":0}],\"Where\":[{\"Condition\":{\"Comparison\":{\"ComparisonKind\":0,\"Left\":{\"Column\":{\"Expression\":{\"SourceRef\":{\"Source\":\"d\"}},\"Property\":\"Running Year\"}},\"Right\":{\"Literal\":{\"Value\":\"1L\"}}}}}]},\"type\":\"Advanced\",\"howCreated\":1}]",
          "height": 676.86,
          "width": 300.28,
          "x": 640.74,
          "y": 17.46,
          "z": 2000.00
        },
        {
          "config": "{\"name\":\"VisualContainer3\",\"layouts\":[{\"id\":0,\"position\":{\"x\":397,\"y\":10,\"z\":3000,\"width\":117,\"height\":72}}],\"singleVisual\":{\"visualType\":\"multiRowCard\",\"projections\":{\"Values\":[{\"queryRef\":\"select\"}]},\"prototypeQuery\":{\"Version\":2,\"From\":[{\"Name\":\"s\",\"Entity\":\"SalesFact\",\"Type\":0}],\"Select\":[{\"Measure\":{\"Expression\":{\"SourceRef\":{\"Source\":\"s\"}},\"Property\":\"Sentiment\"},\"Name\":\"select\"}]}}}",
          "filters": "[{\"expression\":{\"Column\":{\"Expression\":{\"SourceRef\":{\"Entity\":\"Date\"}},\"Property\":\"Running Year\"}},\"filter\":{\"Version\":2,\"From\":[{\"Name\":\"d\",\"Entity\":\"Date\",\"Type\":0}],\"Where\":[{\"Condition\":{\"Comparison\":{\"ComparisonKind\":0,\"Left\":{\"Column\":{\"Expression\":{\"SourceRef\":{\"Source\":\"d\"}},\"Property\":\"Running Year\"}},\"Right\":{\"Literal\":{\"Value\":\"1L\"}}}}}]},\"howCreated\":1},{\"expression\":{\"Column\":{\"Expression\":{\"SourceRef\":{\"Entity\":\"Date\"}},\"Property\":\"Rolling Period\"}},\"filter\":{\"Version\":2,\"From\":[{\"Name\":\"d\",\"Entity\":\"Date\",\"Type\":0}],\"Where\":[{\"Condition\":{\"Comparison\":{\"ComparisonKind\":0,\"Left\":{\"Column\":{\"Expression\":{\"SourceRef\":{\"Source\":\"d\"}},\"Property\":\"Rolling Period\"}},\"Right\":{\"Literal\":{\"Value\":\"'P-00'\"}}}}}]},\"type\":\"Categorical\",\"howCreated\":1}]",
          "height": 72.00,
          "width": 117.00,
          "x": 397.00,
          "y": 10.00,
          "z": 3000.00
        },
        {
          "config": "{\"name\":\"VisualContainer4\",\"layouts\":[{\"id\":0,\"position\":{\"x\":503.44186046511624,\"y\":10.271041369472183,\"z\":4000,\"width\":117.20930232558139,\"height\":71.89728958630528}}],\"singleVisual\":{\"visualType\":\"multiRowCard\",\"projections\":{\"Values\":[{\"queryRef\":\"select\"}]},\"prototypeQuery\":{\"Version\":2,\"From\":[{\"Name\":\"s\",\"Entity\":\"SalesFact\",\"Type\":0}],\"Select\":[{\"Measure\":{\"Expression\":{\"SourceRef\":{\"Source\":\"s\"}},\"Property\":\"Sentiment Gap\"},\"Name\":\"select\"}]}}}",
          "filters": "[{\"expression\":{\"Column\":{\"Expression\":{\"SourceRef\":{\"Entity\":\"Date\"}},\"Property\":\"Running Year\"}},\"filter\":{\"Version\":2,\"From\":[{\"Name\":\"d\",\"Entity\":\"Date\",\"Type\":0}],\"Where\":[{\"Condition\":{\"Comparison\":{\"ComparisonKind\":0,\"Left\":{\"Column\":{\"Expression\":{\"SourceRef\":{\"Source\":\"d\"}},\"Property\":\"Running Year\"}},\"Right\":{\"Literal\":{\"Value\":\"1L\"}}}}}]},\"type\":\"Advanced\",\"howCreated\":1},{\"expression\":{\"Column\":{\"Expression\":{\"SourceRef\":{\"Entity\":\"Date\"}},\"Property\":\"Rolling Period\"}},\"filter\":{\"Version\":2,\"From\":[{\"Name\":\"d\",\"Entity\":\"Date\",\"Type\":0}],\"Where\":[{\"Condition\":{\"Comparison\":{\"ComparisonKind\":0,\"Left\":{\"Column\":{\"Expression\":{\"SourceRef\":{\"Source\":\"d\"}},\"Property\":\"Rolling Period\"}},\"Right\":{\"Literal\":{\"Value\":\"'P-00'\"}}}}}]},\"type\":\"Categorical\",\"howCreated\":1}]",
          "height": 71.90,
          "width": 117.21,
          "x": 503.44,
          "y": 10.27,
          "z": 4000.00
        },
        {
          "config": "{\"name\":\"VisualContainer5\",\"layouts\":[{\"id\":0,\"position\":{\"x\":860.2247191011236,\"y\":679.9429386590585,\"z\":5000,\"width\":98.42696629213482,\"height\":40.057061340941516}}],\"singleVisual\":{\"visualType\":\"textbox\",\"objects\":{\"general\":[{\"properties\":{\"paragraphs\":[{\"textRuns\":[{\"value\":\"obvience llc ©\",\"textStyle\":{\"fontFamily\":\"Heading\",\"fontSize\":\"9pt\",\"fontStyle\":\"normal\",\"fontWeight\":\"normal\"}}],\"horizontalTextAlignment\":\"right\"}]}}]}}}",
          "height": 40.06,
          "width": 98.43,
          "x": 860.22,
          "y": 679.94,
          "z": 5000.00
        },
        {
          "config": "{\"name\":\"VisualContainer6\",\"layouts\":[{\"id\":0,\"position\":{\"x\":31,\"y\":424,\"z\":6000,\"width\":493,\"height\":270}}],\"singleVisual\":{\"visualType\":\"lineChart\",\"projections\":{\"Category\":[{\"queryRef\":\"select\",\"active\":true}],\"Series\":[{\"queryRef\":\"select1\"}],\"Y\":[{\"queryRef\":\"select2\"}]},\"prototypeQuery\":{\"Version\":2,\"From\":[{\"Name\":\"d\",\"Entity\":\"Date\",\"Type\":0},{\"Name\":\"m\",\"Entity\":\"Manufacturer\",\"Type\":0},{\"Name\":\"s\",\"Entity\":\"SalesFact\",\"Type\":0}],\"Select\":[{\"Column\":{\"Expression\":{\"SourceRef\":{\"Source\":\"d\"}},\"Property\":\"Month\"},\"Name\":\"select\"},{\"Column\":{\"Expression\":{\"SourceRef\":{\"Source\":\"m\"}},\"Property\":\"MfgisVanArsdel\"},\"Name\":\"select1\"},{\"Measure\":{\"Expression\":{\"SourceRef\":{\"Source\":\"s\"}},\"Property\":\"Sentiment\"},\"Name\":\"select2\"}]},\"objects\":{\"categoryAxis\":[{\"properties\":{\"axisType\":{\"expr\":{\"Literal\":{\"Value\":\"'Categorical'\"}}}}}],\"labels\":[{\"properties\":{\"show\":{\"expr\":{\"Literal\":{\"Value\":\"false\"}}}}}],\"legend\":[{\"properties\":{\"position\":{\"expr\":{\"Literal\":{\"Value\":\"'Top'\"}}},\"show\":{\"expr\":{\"Literal\":{\"Value\":\"true\"}}}}}]},\"vcObjects\":{\"title\":[{\"properties\":{\"show\":{\"expr\":{\"Literal\":{\"Value\":\"true\"}}},\"text\":{\"expr\":{\"Literal\":{\"Value\":\"'Industry Sentiment by Month'\"}}}}}]}}}",
          "filters": "[{\"expression\":{\"Column\":{\"Expression\":{\"SourceRef\":{\"Entity\":\"Date\"}},\"Property\":\"Running Year\"}},\"filter\":{\"Version\":2,\"From\":[{\"Name\":\"d\",\"Entity\":\"Date\",\"Type\":0}],\"Where\":[{\"Condition\":{\"Or\":{\"Left\":{\"Comparison\":{\"ComparisonKind\":0,\"Left\":{\"Column\":{\"Expression\":{\"SourceRef\":{\"Source\":\"d\"}},\"Property\":\"Running Year\"}},\"Right\":{\"Literal\":{\"Value\":\"1L\"}}}},\"Right\":{\"Comparison\":{\"ComparisonKind\":0,\"Left\":{\"Column\":{\"Expression\":{\"SourceRef\":{\"Source\":\"d\"}},\"Property\":\"Running Year\"}},\"Right\":{\"Literal\":{\"Value\":\"2L\"}}}}}}}]},\"type\":\"Categorical\",\"howCreated\":1},{\"expression\":{\"Column\":{\"Expression\":{\"SourceRef\":{\"Entity\":\"Manufacturer\"}},\"Property\":\"MfgisVanArsdel\"}},\"filter\":{\"Version\":2,\"From\":[{\"Name\":\"m\",\"Entity\":\"Manufacturer\",\"Type\":0}],\"Where\":[{\"Condition\":{\"Comparison\":{\"ComparisonKind\":0,\"Left\":{\"Column\":{\"Expression\":{\"SourceRef\":{\"Source\":\"m\"}},\"Property\":\"MfgisVanArsdel\"}},\"Right\":{\"Literal\":{\"Value\":\"'No'\"}}}}}]},\"type\":\"Categorical\",\"howCreated\":1}]",
          "height": 270.00,
          "width": 493.00,
          "x": 31.00,
          "y": 424.00,
          "z": 6000.00
        }
      ],
      "width": 960.00
    },
    {
      "config": "{}",
      "displayName": "Growth Opportunities",
      "displayOption": 0,
      "filters": "[{\"name\":\"Filter\",\"expression\":{\"Column\":{\"Expression\":{\"SourceRef\":{\"Entity\":\"Date\"}},\"Property\":\"Running Year\"}},\"filter\":{\"Version\":2,\"From\":[{\"Name\":\"d\",\"Entity\":\"Date\",\"Type\":0}],\"Where\":[{\"Condition\":{\"Comparison\":{\"ComparisonKind\":0,\"Left\":{\"Column\":{\"Expression\":{\"SourceRef\":{\"Source\":\"d\"}},\"Property\":\"Running Year\"}},\"Right\":{\"Literal\":{\"Value\":\"1D\"}}}}}]},\"type\":\"Advanced\",\"howCreated\":1,\"isLinkedAsAggregation\":false},{\"name\":\"Filter1\",\"expression\":{\"Column\":{\"Expression\":{\"SourceRef\":{\"Entity\":\"Product\"}},\"Property\":\"Segment\"}},\"filter\":{\"Version\":2,\"From\":[{\"Name\":\"p\",\"Entity\":\"Product\",\"Type\":0}],\"Where\":[{\"Condition\":{\"Not\":{\"Expression\":{\"In\":{\"Expressions\":[{\"Column\":{\"Expression\":{\"SourceRef\":{\"Source\":\"p\"}},\"Property\":\"Segment\"}}],\"Values\":[[{\"Literal\":{\"Value\":\"'Convenience'\"}}],[{\"Literal\":{\"Value\":\"'Moderation'\"}}]]}}}}}]},\"type\":\"Categorical\",\"howCreated\":1,\"isLinkedAsAggregation\":false}]",
      "height": 720.00,
      "name": "ReportSection4",
      "ordinal": 4,
      "visualContainers": [
        {
          "config": "{\"name\":\"VisualContainer\",\"layouts\":[{\"id\":0,\"position\":{\"x\":246.74157303370785,\"y\":6.16262482168331,\"z\":0,\"width\":711.9101123595506,\"height\":68.81597717546363}}],\"singleVisual\":{\"visualType\":\"textbox\",\"objects\":{\"general\":[{\"properties\":{\"paragraphs\":[{\"textRuns\":[{\"value\":\"Growth Opportunities\",\"textStyle\":{\"fontFamily\":\"Heading\",\"fontSize\":\"28pt\",\"fontStyle\":\"normal\",\"fontWeight\":\"normal\"}}]}]}}]}}}",
          "height": 68.82,
          "width": 711.91,
          "x": 246.74,
          "y": 6.16,
          "z": 0.00
        },
        {
          "config": "{\"name\":\"VisualContainer1\",\"layouts\":[{\"id\":0,\"position\":{\"x\":24,\"y\":75,\"z\":1000,\"width\":914,\"height\":339}}],\"singleVisual\":{\"visualType\":\"lineChart\",\"projections\":{\"Category\":[{\"queryRef\":\"select\",\"active\":true}],\"Y\":[{\"queryRef\":\"SalesFact.Total Units\"},{\"queryRef\":\"SalesFact.Total Units R12Ms\"}]},\"prototypeQuery\":{\"Version\":2,\"From\":[{\"Name\":\"d\",\"Entity\":\"Date\",\"Type\":0},{\"Name\":\"s\",\"Entity\":\"SalesFact\",\"Type\":0}],\"Select\":[{\"Column\":{\"Expression\":{\"SourceRef\":{\"Source\":\"d\"}},\"Property\":\"Month\"},\"Name\":\"select\"},{\"Measure\":{\"Expression\":{\"SourceRef\":{\"Source\":\"s\"}},\"Property\":\"Total Units\"},\"Name\":\"SalesFact.Total Units\"},{\"Measure\":{\"Expression\":{\"SourceRef\":{\"Source\":\"s\"}},\"Property\":\"Total Units R12Ms\"},\"Name\":\"SalesFact.Total Units R12Ms\"}]},\"objects\":{\"categoryAxis\":[{\"properties\":{\"axisType\":{\"expr\":{\"Literal\":{\"Value\":\"'Categorical'\"}}}}}],\"labels\":[{\"properties\":{\"show\":{\"expr\":{\"Literal\":{\"Value\":\"false\"}}}}}],\"legend\":[{\"properties\":{\"position\":{\"expr\":{\"Literal\":{\"Value\":\"'Top'\"}}},\"show\":{\"expr\":{\"Literal\":{\"Value\":\"true\"}}}}}]},\"vcObjects\":{\"title\":[{\"properties\":{\"show\":{\"expr\":{\"Literal\":{\"Value\":\"true\"}}}}}]}}}",
          "filters": "[{\"expression\":{\"Column\":{\"Expression\":{\"SourceRef\":{\"Entity\":\"Date\"}},\"Property\":\"Running Year\"}},\"filter\":{\"Version\":2,\"From\":[{\"Name\":\"d\",\"Entity\":\"Date\",\"Type\":0}],\"Where\":[{\"Condition\":{\"Comparison\":{\"ComparisonKind\":0,\"Left\":{\"Column\":{\"Expression\":{\"SourceRef\":{\"Source\":\"d\"}},\"Property\":\"Running Year\"}},\"Right\":{\"Literal\":{\"Value\":\"1L\"}}}}}]},\"type\":\"Categorical\",\"howCreated\":1},{\"expression\":{\"Column\":{\"Expression\":{\"SourceRef\":{\"Entity\":\"Product\"}},\"Property\":\"Segment\"}},\"filter\":{\"Version\":2,\"From\":[{\"Name\":\"p\",\"Entity\":\"Product\",\"Type\":0}],\"Where\":[{\"Condition\":{\"Not\":{\"Expression\":{\"Or\":{\"Left\":{\"Comparison\":{\"ComparisonKind\":0,\"Left\":{\"Column\":{\"Expression\":{\"SourceRef\":{\"Source\":\"p\"}},\"Property\":\"Segment\"}},\"Right\":{\"Literal\":{\"Value\":\"'Convenience'\"}}}},\"Right\":{\"Comparison\":{\"ComparisonKind\":0,\"Left\":{\"Column\":{\"Expression\":{\"SourceRef\":{\"Source\":\"p\"}},\"Property\":\"Segment\"}},\"Right\":{\"Literal\":{\"Value\":\"'Moderation'\"}}}}}}}}}]},\"type\":\"Categorical\",\"howCreated\":1}]",
          "height": 339.00,
          "width": 914.00,
          "x": 24.00,
          "y": 75.00,
          "z": 1000.00
        },
        {
          "config": "{\"name\":\"VisualContainer2\",\"layouts\":[{\"id\":0,\"position\":{\"x\":491,\"y\":436,\"z\":2000,\"width\":468,\"height\":260}}],\"singleVisual\":{\"visualType\":\"lineChart\",\"projections\":{\"Series\":[{\"queryRef\":\"Geo.Region\"}],\"Category\":[{\"queryRef\":\"Date.Rolling Period\",\"active\":true}],\"Y\":[{\"queryRef\":\"SalesFact.Total Units\"}]},\"prototypeQuery\":{\"Version\":2,\"From\":[{\"Name\":\"g\",\"Entity\":\"Geo\",\"Type\":0},{\"Name\":\"d\",\"Entity\":\"Date\",\"Type\":0},{\"Name\":\"s\",\"Entity\":\"SalesFact\",\"Type\":0}],\"Select\":[{\"Column\":{\"Expression\":{\"SourceRef\":{\"Source\":\"g\"}},\"Property\":\"Region\"},\"Name\":\"Geo.Region\"},{\"Column\":{\"Expression\":{\"SourceRef\":{\"Source\":\"d\"}},\"Property\":\"Rolling Period\"},\"Name\":\"Date.Rolling Period\"},{\"Measure\":{\"Expression\":{\"SourceRef\":{\"Source\":\"s\"}},\"Property\":\"Total Units\"},\"Name\":\"SalesFact.Total Units\"}]},\"objects\":{\"categoryAxis\":[{\"properties\":{\"axisType\":{\"expr\":{\"Literal\":{\"Value\":\"'Categorical'\"}}}}}],\"labels\":[{\"properties\":{\"show\":{\"expr\":{\"Literal\":{\"Value\":\"false\"}}}}}],\"legend\":[{\"properties\":{\"position\":{\"expr\":{\"Literal\":{\"Value\":\"'Top'\"}}},\"show\":{\"expr\":{\"Literal\":{\"Value\":\"true\"}}}}}]},\"vcObjects\":{\"title\":[{\"properties\":{\"show\":{\"expr\":{\"Literal\":{\"Value\":\"true\"}}}}}]}}}",
          "filters": "[{\"expression\":{\"Column\":{\"Expression\":{\"SourceRef\":{\"Entity\":\"Date\"}},\"Property\":\"Year\"}},\"filter\":{\"Version\":2,\"From\":[{\"Name\":\"d\",\"Entity\":\"Date\",\"Type\":0}],\"Where\":[{\"Condition\":{\"Comparison\":{\"ComparisonKind\":0,\"Left\":{\"Column\":{\"Expression\":{\"SourceRef\":{\"Source\":\"d\"}},\"Property\":\"Year\"}},\"Right\":{\"Literal\":{\"Value\":\"2014L\"}}}}}]},\"type\":\"Categorical\",\"howCreated\":1},{\"expression\":{\"Column\":{\"Expression\":{\"SourceRef\":{\"Entity\":\"Date\"}},\"Property\":\"Rolling Period\"}},\"filter\":{\"Version\":2,\"From\":[{\"Name\":\"d\",\"Entity\":\"Date\",\"Type\":0}],\"Where\":[{\"Condition\":{\"In\":{\"Expressions\":[{\"Column\":{\"Expression\":{\"SourceRef\":{\"Source\":\"d\"}},\"Property\":\"Rolling Period\"}}],\"Values\":[[{\"Literal\":{\"Value\":\"'P-05'\"}}],[{\"Literal\":{\"Value\":\"'P-04'\"}}],[{\"Literal\":{\"Value\":\"'P-03'\"}}],[{\"Literal\":{\"Value\":\"'P-01'\"}}],[{\"Literal\":{\"Value\":\"'P-00'\"}}],[{\"Literal\":{\"Value\":\"'P-02'\"}}]]}}}]},\"type\":\"Categorical\",\"howCreated\":0}]",
          "height": 260.00,
          "width": 468.00,
          "x": 491.00,
          "y": 436.00,
          "z": 2000.00
        },
        {
          "config": "{\"name\":\"VisualContainer3\",\"layouts\":[{\"id\":0,\"position\":{\"x\":839.8716577540107,\"y\":686.0085836909872,\"z\":3000,\"width\":119.10160427807486,\"height\":32.96137339055794}}],\"singleVisual\":{\"visualType\":\"textbox\",\"objects\":{\"general\":[{\"properties\":{\"paragraphs\":[{\"textRuns\":[{\"value\":\"obviEnce llc ©\",\"textStyle\":{\"fontFamily\":\"Heading\",\"fontSize\":\"8pt\",\"fontStyle\":\"normal\",\"fontWeight\":\"normal\"}}],\"horizontalTextAlignment\":\"right\"}]}}]}}}",
          "height": 32.96,
          "width": 119.10,
          "x": 839.87,
          "y": 686.01,
          "z": 3000.00
        },
        {
          "config": "{\"name\":\"VisualContainer4\",\"layouts\":[{\"id\":0,\"position\":{\"x\":9.438202247191011,\"y\":434.46504992867335,\"z\":4000,\"width\":453.03370786516854,\"height\":279.3723252496434}}],\"singleVisual\":{\"visualType\":\"clusteredColumnChart\",\"projections\":{\"Category\":[{\"queryRef\":\"Product.Segment\",\"active\":true}],\"Y\":[{\"queryRef\":\"SalesFact.Total Units\"}]},\"prototypeQuery\":{\"Version\":2,\"From\":[{\"Name\":\"p\",\"Entity\":\"Product\",\"Type\":0},{\"Name\":\"s\",\"Entity\":\"SalesFact\",\"Type\":0}],\"Select\":[{\"Column\":{\"Expression\":{\"SourceRef\":{\"Source\":\"p\"}},\"Property\":\"Segment\"},\"Name\":\"Product.Segment\"},{\"Measure\":{\"Expression\":{\"SourceRef\":{\"Source\":\"s\"}},\"Property\":\"Total Units\"},\"Name\":\"SalesFact.Total Units\"}],\"OrderBy\":[{\"Direction\":2,\"Expression\":{\"Measure\":{\"Expression\":{\"SourceRef\":{\"Source\":\"s\"}},\"Property\":\"Total Units\"}}}]}}}",
          "filters": "[{\"name\":\"Filter\",\"expression\":{\"Column\":{\"Expression\":{\"SourceRef\":{\"Entity\":\"Date\"}},\"Property\":\"Year\"}},\"filter\":{\"Version\":2,\"From\":[{\"Name\":\"d\",\"Entity\":\"Date\",\"Type\":0}],\"Where\":[{\"Condition\":{\"In\":{\"Expressions\":[{\"Column\":{\"Expression\":{\"SourceRef\":{\"Source\":\"d\"}},\"Property\":\"Year\"}}],\"Values\":[[{\"Literal\":{\"Value\":\"2014L\"}}]]}}}]},\"type\":\"Categorical\",\"howCreated\":1},{\"name\":\"Filter1\",\"expression\":{\"Column\":{\"Expression\":{\"SourceRef\":{\"Entity\":\"Product\"}},\"Property\":\"isVanArsdel\"}},\"filter\":{\"Version\":2,\"From\":[{\"Name\":\"p\",\"Entity\":\"Product\",\"Type\":0}],\"Where\":[{\"Condition\":{\"In\":{\"Expressions\":[{\"Column\":{\"Expression\":{\"SourceRef\":{\"Source\":\"p\"}},\"Property\":\"isVanArsdel\"}}],\"Values\":[[{\"Literal\":{\"Value\":\"'No'\"}}]]}}}]},\"type\":\"Categorical\",\"howCreated\":1}]",
          "height": 279.37,
          "width": 453.03,
          "x": 9.44,
          "y": 434.47,
          "z": 4000.00
        }
      ],
      "width": 960.00
    },
    {
      "config": "{}",
      "displayName": "Line Chart",
      "displayOption": 1,
      "filters": "[]",
      "height": 720.00,
      "name": "fa2d4913874042c4e616",
      "ordinal": 5,
      "visualContainers": [
        {
          "config": "{\"name\":\"508203879e00912622b1\",\"layouts\":[{\"id\":0,\"position\":{\"x\":9.89406121674316,\"y\":19.78812243348632,\"z\":0,\"width\":1149.124538458884,\"height\":530.0389937540978,\"tabOrder\":0}}],\"singleVisual\":{\"visualType\":\"lineStackedColumnComboChart\",\"projections\":{\"Category\":[{\"queryRef\":\"Date.Month\",\"active\":true}],\"Series\":[{\"queryRef\":\"Geo.Region\"}],\"Y2\":[{\"queryRef\":\"SalesFact.Total Units\"}],\"Y\":[{\"queryRef\":\"SalesFact.Sales $\"}]},\"prototypeQuery\":{\"Version\":2,\"From\":[{\"Name\":\"d\",\"Entity\":\"Date\",\"Type\":0},{\"Name\":\"g\",\"Entity\":\"Geo\",\"Type\":0},{\"Name\":\"s\",\"Entity\":\"SalesFact\",\"Type\":0}],\"Select\":[{\"Column\":{\"Expression\":{\"SourceRef\":{\"Source\":\"d\"}},\"Property\":\"Month\"},\"Name\":\"Date.Month\",\"NativeReferenceName\":\"Month\"},{\"Column\":{\"Expression\":{\"SourceRef\":{\"Source\":\"g\"}},\"Property\":\"Region\"},\"Name\":\"Geo.Region\",\"NativeReferenceName\":\"Region\"},{\"Measure\":{\"Expression\":{\"SourceRef\":{\"Source\":\"s\"}},\"Property\":\"Total Units\"},\"Name\":\"SalesFact.Total Units\",\"NativeReferenceName\":\"Total Units\"},{\"Measure\":{\"Expression\":{\"SourceRef\":{\"Source\":\"s\"}},\"Property\":\"Sales $\"},\"Name\":\"SalesFact.Sales $\",\"NativeReferenceName\":\"Sales $\"}]},\"filterSortOrder\":3}}",
          "filters": "[{\"name\":\"Filter83b4a175a9d0c2d934ca\",\"expression\":{\"Column\":{\"Expression\":{\"SourceRef\":{\"Entity\":\"Date\"}},\"Property\":\"Year\"}},\"filter\":{\"Version\":2,\"From\":[{\"Name\":\"d\",\"Entity\":\"Date\",\"Type\":0}],\"Where\":[{\"Condition\":{\"In\":{\"Expressions\":[{\"Column\":{\"Expression\":{\"SourceRef\":{\"Source\":\"d\"}},\"Property\":\"Year\"}}],\"Values\":[[{\"Literal\":{\"Value\":\"2012L\"}}],[{\"Literal\":{\"Value\":\"2013L\"}}],[{\"Literal\":{\"Value\":\"2014L\"}}]]}}}]},\"type\":\"Categorical\",\"howCreated\":1,\"objects\":{},\"ordinal\":1}]",
          "height": 530.04,
          "width": 1149.12,
          "x": 9.89,
          "y": 19.79,
          "z": 0.00
        }
      ],
      "width": 1280.00
    }
  ]
}