{
  "config": "{\"version\":\"5.51\",\"themeCollection\":{\"baseTheme\":{\"name\":\"CY24SU02\",\"version\":\"5.51\",\"type\":2}},\"activeSectionIndex\":0,\"defaultDrillFilterOtherVisuals\":true,\"settings\":{\"useNewFilterPaneExperience\":true,\"allowChangeFilterTypes\":true,\"useStylableVisualContainerHeader\":true,\"queryLimitOption\":6,\"exportDataMode\":1,\"useDefaultAggregateDisplayName\":true},\"objects\":{\"section\":[{\"properties\":{\"verticalAlignment\":{\"expr\":{\"Literal\":{\"Value\":\"'Top'\"}}}}}],\"outspacePane\":[{\"properties\":{\"expanded\":{\"expr\":{\"Literal\":{\"Value\":\"false\"}}},\"visible\":{\"expr\":{\"Literal\":{\"Value\":\"false\"}}}}}]}}",
  "layoutOptimization": 0,
  "resourcePackages": [
    {
      "resourcePackage": {
        "disabled": false,
        "items": [
          {
            "name": "CY24SU02",
            "path": "BaseThemes/CY24SU02.json",
            "type": 202
          }
        ],
        "name": "SharedResources",
        "type": 2
      }
    }
  ],
  "sections": [
    {
      "config": "{}",
      "displayName": "Page 1",
      "displayOption": 1,
      "filters": "[]",
      "height": 720.00,
      "name": "ReportSection",
      "visualContainers": [
        {
          "config": "{\"name\":\"69df3e785738901c425c\",\"layouts\":[{\"id\":0,\"position\":{\"x\":16,\"y\":0,\"z\":0,\"width\":1008,\"height\":384,\"tabOrder\":0}}],\"singleVisual\":{\"visualType\":\"lineChart\",\"projections\":{\"Category\":[{\"queryRef\":\"BIData.Date\",\"active\":true}],\"Y\":[{\"queryRef\":\"Sum(BIData.Loan_disbursed)\"}]},\"prototypeQuery\":{\"Version\":2,\"From\":[{\"Name\":\"b\",\"Entity\":\"BIData\",\"Type\":0}],\"Select\":[{\"Column\":{\"Expression\":{\"SourceRef\":{\"Source\":\"b\"}},\"Property\":\"Date\"},\"Name\":\"BIData.Date\",\"NativeReferenceName\":\"Date\"},{\"Aggregation\":{\"Expression\":{\"Column\":{\"Expression\":{\"SourceRef\":{\"Source\":\"b\"}},\"Property\":\"Loan_disbursed\"}},\"Function\":0},\"Name\":\"Sum(BIData.Loan_disbursed)\",\"NativeReferenceName\":\"Sum of Loan_disbursed\"}],\"OrderBy\":[{\"Direction\":1,\"Expression\":{\"Column\":{\"Expression\":{\"SourceRef\":{\"Source\":\"b\"}},\"Property\":\"Date\"}}}]},\"drillFilterOtherVisuals\":true,\"objects\":{\"forecast\":[{\"properties\":{\"show\":{\"expr\":{\"Literal\":{\"Value\":\"true\"}}},\"displayName\":{\"expr\":{\"Literal\":{\"Value\":\"'Forecast 1'\"}}},\"transform\":{\"algorithm\":\"Forecast\",\"parameters\":[{\"Literal\":{\"Value\":\"0D\"},\"Name\":\"Unit\"},{\"Literal\":{\"Value\":\"1D\"},\"Name\":\"ForecastLength\"},{\"Literal\":{\"Value\":\"0D\"},\"Name\":\"IgnoreLast\"},{\"Literal\":{\"Value\":\"0.95D\"},\"Name\":\"ConfidenceLevel\"}]}},\"selector\":{\"metadata\":\"Sum(BIData.Loan_disbursed)\",\"id\":\"1\"}}]}}}",
          "filters": "[]",
          "height": 384.00,
          "width": 1008.00,
          "x": 16.00,
          "y": 0.00,
          "z": 0.00
        }
      ],
      "width": 1280.00
    }
  ]
}