{
  "config": "{\"version\":\"5.47\",\"themeCollection\":{\"customTheme\":{\"name\":\"Concourse\",\"version\":\"3.18\",\"type\":1}},\"activeSectionIndex\":12,\"linguisticSchemaSyncVersion\":0,\"objects\":{\"outspacePane\":[{\"properties\":{\"expanded\":{\"expr\":{\"Literal\":{\"Value\":\"false\"}}}}}]}}",
  "layoutOptimization": 0,
  "pods": [
    {
      "boundSection": "ReportSection",
      "config": "{\"acceptsFilterContext\":1}",
      "name": "Pod"
    }
  ],
  "publicCustomVisuals": [
    "WordCloud1447959067750"
  ],
  "resourcePackages": [
    {
      "resourcePackage": {
        "items": [
          {
            "name": "obvience-splash-screen-16-95959706779103726.png",
            "path": "obvience-splash-screen-16-95959706779103726.png",
            "type": 100
          }
        ],
        "name": "RegisteredResources",
        "type": 1
      }
    }
  ],
  "sections": [
    {
      "config": "{}",
      "displayName": "Table",
      "displayOption": 1,
      "filters": "[]",
      "height": 720.00,
      "name": "0f23d3661620ed123aca",
      "ordinal": 4,
      "visualContainers": [
        {
          "config": "{\"name\":\"6ab0caa3d70e9ea9dd27\",\"layouts\":[{\"id\":0,\"position\":{\"x\":9,\"y\":320,\"width\":976,\"height\":280,\"z\":1000,\"tabOrder\":1000}}],\"singleVisual\":{\"visualType\":\"tableEx\",\"projections\":{\"Values\":[{\"queryRef\":\"District.District\"},{\"queryRef\":\"Sum(Time.FiscalYear)\"},{\"queryRef\":\"Store.Total Stores\"},{\"queryRef\":\"SparklineData(Store.Total Stores_[Time.Month.Variation.Date Hierarchy.Year])\"}]},\"prototypeQuery\":{\"Version\":2,\"From\":[{\"Name\":\"d\",\"Entity\":\"District\",\"Type\":0},{\"Name\":\"s\",\"Entity\":\"Store\",\"Type\":0},{\"Name\":\"t\",\"Entity\":\"Time\",\"Type\":0}],\"Select\":[{\"Column\":{\"Expression\":{\"SourceRef\":{\"Source\":\"d\"}},\"Property\":\"District\"},\"Name\":\"District.District\",\"NativeReferenceName\":\"District\"},{\"Measure\":{\"Expression\":{\"SourceRef\":{\"Source\":\"s\"}},\"Property\":\"Total Stores\"},\"Name\":\"Store.Total Stores\",\"NativeReferenceName\":\"Total Stores\"},{\"SparklineData\":{\"Measure\":{\"Measure\":{\"Expression\":{\"SourceRef\":{\"Source\":\"s\"}},\"Property\":\"Total Stores\"}},\"Groupings\":[{\"HierarchyLevel\":{\"Expression\":{\"Hierarchy\":{\"Expression\":{\"PropertyVariationSource\":{\"Expression\":{\"SourceRef\":{\"Source\":\"t\"}},\"Name\":\"Variation\",\"Property\":\"Month\"}},\"Hierarchy\":\"Date Hierarchy\"}},\"Level\":\"Year\"}}]},\"Name\":\"SparklineData(Store.Total Stores_[Time.Month.Variation.Date Hierarchy.Year])\",\"NativeReferenceName\":\"Total Stores by Month Year\"},{\"Aggregation\":{\"Expression\":{\"Column\":{\"Expression\":{\"SourceRef\":{\"Source\":\"t\"}},\"Property\":\"FiscalYear\"}},\"Function\":0},\"Name\":\"Sum(Time.FiscalYear)\",\"NativeReferenceName\":\"FiscalYear\"}]},\"objects\":{\"sparklines\":[{\"properties\":{\"markers\":{\"expr\":{\"Literal\":{\"Value\":\"128D\"}}}},\"selector\":{\"metadata\":\"SparklineData(Store.Total Stores_[Time.Month.Variation.Date Hierarchy.Month])\"}},{\"properties\":{\"markers\":{\"expr\":{\"Literal\":{\"Value\":\"128D\"}}}},\"selector\":{\"metadata\":\"SparklineData(Store.Total Stores_[Time.Month.Variation.Date Hierarchy.Year])\"}}]}}}",
          "filters": "[]",
          "height": 280.00,
          "width": 976.00,
          "x": 9.00,
          "y": 320.00,
          "z": 1000.00
        },
        {
          "config": "{\"name\":\"d6c6395780e784aab319\",\"layouts\":[{\"id\":0,\"position\":{\"x\":9.278564031756991,\"y\":19.882637210907838,\"z\":0,\"width\":975.5747324818778,\"height\":279.68243010010355,\"tabOrder\":0}}],\"singleVisual\":{\"visualType\":\"tableEx\",\"projections\":{\"Values\":[{\"queryRef\":\"Item.Category\"},{\"queryRef\":\"Sales._This Year Sales Status\"},{\"queryRef\":\"Sales.Average Unit Price\"},{\"queryRef\":\"Sales.Last Year Sales\"},{\"queryRef\":\"Sales.This Year Sales\"},{\"queryRef\":\"Sales._This Year Sales Goal\"},{\"queryRef\":\"SparklineData(Sales.This Year Sales_[Store.Open Year])\"}]},\"prototypeQuery\":{\"Version\":2,\"From\":[{\"Name\":\"i\",\"Entity\":\"Item\",\"Type\":0},{\"Name\":\"s\",\"Entity\":\"Sales\",\"Type\":0},{\"Name\":\"s1\",\"Entity\":\"Store\",\"Type\":0}],\"Select\":[{\"Column\":{\"Expression\":{\"SourceRef\":{\"Source\":\"i\"}},\"Property\":\"Category\"},\"Name\":\"Item.Category\",\"NativeReferenceName\":\"Category\"},{\"Measure\":{\"Expression\":{\"SourceRef\":{\"Source\":\"s\"}},\"Property\":\"Average Unit Price\"},\"Name\":\"Sales.Average Unit Price\",\"NativeReferenceName\":\"Average Unit Price\"},{\"Measure\":{\"Expression\":{\"SourceRef\":{\"Source\":\"s\"}},\"Property\":\"Last Year Sales\"},\"Name\":\"Sales.Last Year Sales\",\"NativeReferenceName\":\"Last Year Sales\"},{\"Measure\":{\"Expression\":{\"SourceRef\":{\"Source\":\"s\"}},\"Property\":\"This Year Sales\"},\"Name\":\"Sales.This Year Sales\",\"NativeReferenceName\":\"This Year Sales\"},{\"Measure\":{\"Expression\":{\"SourceRef\":{\"Source\":\"s\"}},\"Property\":\"_This Year Sales Goal\"},\"Name\":\"Sales._This Year Sales Goal\",\"NativeReferenceName\":\"This Year Sales Goal\"},{\"Measure\":{\"Expression\":{\"SourceRef\":{\"Source\":\"s\"}},\"Property\":\"_This Year Sales Status\"},\"Name\":\"Sales._This Year Sales Status\",\"NativeReferenceName\":\"This Year Sales Status\"},{\"SparklineData\":{\"Measure\":{\"Measure\":{\"Expression\":{\"SourceRef\":{\"Source\":\"s\"}},\"Property\":\"This Year Sales\"}},\"Groupings\":[{\"Column\":{\"Expression\":{\"SourceRef\":{\"Source\":\"s1\"}},\"Property\":\"Open Year\"}}]},\"Name\":\"SparklineData(Sales.This Year Sales_[Store.Open Year])\",\"NativeReferenceName\":\"This Year Sales by Open Year\"}],\"OrderBy\":[{\"Direction\":1,\"Expression\":{\"Column\":{\"Expression\":{\"SourceRef\":{\"Source\":\"i\"}},\"Property\":\"Category\"}}}]},\"objects\":{\"grid\":[{\"properties\":{\"gridHorizontalColor\":{\"solid\":{\"color\":{\"expr\":{\"ThemeDataColor\":{\"ColorId\":8,\"Percent\":0.6}}}}},\"gridVertical\":{\"expr\":{\"Literal\":{\"Value\":\"true\"}}},\"gridVerticalColor\":{\"solid\":{\"color\":{\"expr\":{\"ThemeDataColor\":{\"ColorId\":8,\"Percent\":0.6}}}}}}}],\"columnHeaders\":[{\"properties\":{\"bold\":{\"expr\":{\"Literal\":{\"Value\":\"true\"}}},\"fontSize\":{\"expr\":{\"Literal\":{\"Value\":\"10D\"}}},\"alignment\":{\"expr\":{\"Literal\":{\"Value\":\"'Center'\"}}},\"wordWrap\":{\"expr\":{\"Literal\":{\"Value\":\"true\"}}},\"backColor\":{\"solid\":{\"color\":{\"expr\":{\"ThemeDataColor\":{\"ColorId\":8,\"Percent\":0.6}}}}}}}],\"columnFormatting\":[{\"properties\":{\"fontColor\":{\"solid\":{\"color\":{\"expr\":{\"ThemeDataColor\":{\"ColorId\":8,\"Percent\":-0.25}}}}},\"backColor\":{\"solid\":{\"color\":{\"expr\":{\"ThemeDataColor\":{\"ColorId\":0,\"Percent\":-0.1}}}}},\"alignment\":{\"expr\":{\"Literal\":{\"Value\":\"'Right'\"}}},\"labelDisplayUnits\":{\"expr\":{\"Literal\":{\"Value\":\"1D\"}}},\"styleHeader\":{\"expr\":{\"Literal\":{\"Value\":\"false\"}}},\"styleTotal\":{\"expr\":{\"Literal\":{\"Value\":\"true\"}}}},\"selector\":{\"metadata\":\"Sales.This Year Sales\"}},{\"properties\":{\"alignment\":{\"expr\":{\"Literal\":{\"Value\":\"'Center'\"}}}},\"selector\":{\"metadata\":\"Sales._This Year Sales Status\"}}],\"sparklines\":[{\"properties\":{\"dataColor\":{\"solid\":{\"color\":{\"expr\":{\"ThemeDataColor\":{\"ColorId\":3,\"Percent\":0}}}}},\"markers\":{\"expr\":{\"Literal\":{\"Value\":\"130D\"}}}},\"selector\":{\"metadata\":\"SparklineData(Sales.This Year Sales_[Store.Open Year])\"}}]}}}",
          "filters": "[]",
          "height": 279.68,
          "width": 975.57,
          "x": 9.28,
          "y": 19.88,
          "z": 0.00
        }
      ],
      "width": 1280.00
    },
    {
      "config": "{}",
      "displayName": "Treemap",
      "displayOption": 1,
      "filters": "[]",
      "height": 720.00,
      "name": "494317624eb7c7a08de0",
      "ordinal": 9,
      "visualContainers": [
        {
          "config": "{\"name\":\"2081f3e489b7752c4115\",\"layouts\":[{\"id\":0,\"position\":{\"x\":10.604073179150847,\"y\":25.18467380048326,\"z\":0,\"width\":642.87193648602,\"height\":478.5088022091819,\"tabOrder\":0}}],\"singleVisual\":{\"visualType\":\"treemap\",\"projections\":{\"Values\":[{\"queryRef\":\"Sales.Last Year Sales\"}],\"Group\":[{\"queryRef\":\"Item.Category\",\"active\":true}],\"Details\":[{\"queryRef\":\"Store.Chain\"}]},\"prototypeQuery\":{\"Version\":2,\"From\":[{\"Name\":\"s\",\"Entity\":\"Sales\",\"Type\":0},{\"Name\":\"i\",\"Entity\":\"Item\",\"Type\":0},{\"Name\":\"s1\",\"Entity\":\"Store\",\"Type\":0}],\"Select\":[{\"Measure\":{\"Expression\":{\"SourceRef\":{\"Source\":\"s\"}},\"Property\":\"Last Year Sales\"},\"Name\":\"Sales.Last Year Sales\",\"NativeReferenceName\":\"Last Year Sales\"},{\"Column\":{\"Expression\":{\"SourceRef\":{\"Source\":\"i\"}},\"Property\":\"Category\"},\"Name\":\"Item.Category\",\"NativeReferenceName\":\"Category\"},{\"Column\":{\"Expression\":{\"SourceRef\":{\"Source\":\"s1\"}},\"Property\":\"Chain\"},\"Name\":\"Store.Chain\",\"NativeReferenceName\":\"Chain\"}]},\"hasDefaultSort\":true}}",
          "filters": "[]",
          "height": 478.51,
          "width": 642.87,
          "x": 10.60,
          "y": 25.18,
          "z": 0.00
        }
      ],
      "width": 1280.00
    },
    {
      "config": "{}",
      "displayName": "Card",
      "displayOption": 1,
      "filters": "[]",
      "height": 720.00,
      "name": "7884388d51b72c003330",
      "ordinal": 6,
      "visualContainers": [
        {
          "config": "{\"name\":\"221baaf5ac09903961dc\",\"layouts\":[{\"id\":0,\"position\":{\"x\":320.7732136693131,\"y\":19.882637210907838,\"z\":1000,\"width\":281.0079392474974,\"height\":482.4853296513635,\"tabOrder\":1000}}],\"singleVisual\":{\"visualType\":\"card\",\"projections\":{\"Values\":[{\"queryRef\":\"Store.Open Store Count\"}]},\"prototypeQuery\":{\"Version\":2,\"From\":[{\"Name\":\"s\",\"Entity\":\"Store\",\"Type\":0}],\"Select\":[{\"Measure\":{\"Expression\":{\"SourceRef\":{\"Source\":\"s\"}},\"Property\":\"Open Store Count\"},\"Name\":\"Store.Open Store Count\"}],\"OrderBy\":[{\"Direction\":2,\"Expression\":{\"Measure\":{\"Expression\":{\"SourceRef\":{\"Source\":\"s\"}},\"Property\":\"Open Store Count\"}}}]},\"hasDefaultSort\":true,\"objects\":{}}}",
          "filters": "[]",
          "height": 482.49,
          "width": 281.01,
          "x": 320.77,
          "y": 19.88,
          "z": 1000.00
        },
        {
          "config": "{\"name\":\"6d082a557082c6c18c16\",\"layouts\":[{\"id\":0,\"position\":{\"x\":601.7811529168105,\"y\":19.882637210907838,\"z\":2000,\"width\":281.0079392474974,\"height\":149.7825336555057,\"tabOrder\":2000}}],\"singleVisual\":{\"visualType\":\"qnaVisual\"}}",
          "height": 149.78,
          "width": 281.01,
          "x": 601.78,
          "y": 19.88,
          "z": 2000.00
        },
        {
          "config": "{\"name\":\"74a455f24a930603935e\",\"layouts\":[{\"id\":0,\"position\":{\"x\":10.604073179150847,\"y\":19.882637210907838,\"z\":0,\"width\":279.68243010010355,\"height\":117.97031411805317,\"tabOrder\":0}}],\"singleVisual\":{\"visualType\":\"card\",\"projections\":{\"Values\":[{\"queryRef\":\"Store.Open Store Count\"}]},\"prototypeQuery\":{\"Version\":2,\"From\":[{\"Name\":\"s\",\"Entity\":\"Store\",\"Type\":0}],\"Select\":[{\"Measure\":{\"Expression\":{\"SourceRef\":{\"Source\":\"s\"}},\"Property\":\"Open Store Count\"},\"Name\":\"Store.Open Store Count\",\"NativeReferenceName\":\"Open Store Count\"}],\"OrderBy\":[{\"Direction\":2,\"Expression\":{\"Measure\":{\"Expression\":{\"SourceRef\":{\"Source\":\"s\"}},\"Property\":\"Open Store Count\"}}}]},\"hasDefaultSort\":true,\"objects\":{\"labels\":[{\"properties\":{\"fontSize\":{\"expr\":{\"Literal\":{\"Value\":\"40D\"}}},\"color\":{\"solid\":{\"color\":{\"expr\":{\"ThemeDataColor\":{\"ColorId\":8,\"Percent\":0}}}}},\"labelDisplayUnits\":{\"expr\":{\"Literal\":{\"Value\":\"0D\"}}}}}],\"categoryLabels\":[{\"properties\":{\"color\":{\"solid\":{\"color\":{\"expr\":{\"ThemeDataColor\":{\"ColorId\":1,\"Percent\":0}}}}},\"bold\":{\"expr\":{\"Literal\":{\"Value\":\"true\"}}}}}]},\"vcObjects\":{\"background\":[{\"properties\":{\"show\":{\"expr\":{\"Literal\":{\"Value\":\"true\"}}},\"color\":{\"solid\":{\"color\":{\"expr\":{\"ThemeDataColor\":{\"ColorId\":0,\"Percent\":-0.1}}}}}}}]}}}",
          "height": 117.97,
          "width": 279.68,
          "x": 10.60,
          "y": 19.88,
          "z": 0.00
        }
      ],
      "width": 1280.00
    },
    {
      "config": "{}",
      "displayName": "Forecasting",
      "displayOption": 1,
      "filters": "[]",
      "height": 720.00,
      "name": "973124e4034999953a98",
      "ordinal": 12,
      "visualContainers": [
        {
          "config": "{\"name\":\"4242767f33439d5b0924\",\"layouts\":[{\"id\":0,\"position\":{\"x\":10.604073179150847,\"y\":19.882637210907838,\"z\":0,\"width\":1134.6358301691405,\"height\":384.3976527442182,\"tabOrder\":0}}],\"singleVisual\":{\"visualType\":\"lineChart\",\"projections\":{\"Y\":[{\"queryRef\":\"Sales.TotalSales\"}],\"Category\":[{\"queryRef\":\"Time.Month.Variation.Date Hierarchy.Year\",\"active\":true},{\"queryRef\":\"Time.Month.Variation.Date Hierarchy.Quarter\",\"active\":true},{\"queryRef\":\"Time.Month.Variation.Date Hierarchy.Month\",\"active\":true},{\"queryRef\":\"Time.Month.Variation.Date Hierarchy.Day\",\"active\":true}]},\"prototypeQuery\":{\"Version\":2,\"From\":[{\"Name\":\"s\",\"Entity\":\"Sales\",\"Type\":0},{\"Name\":\"t\",\"Entity\":\"Time\",\"Type\":0}],\"Select\":[{\"Measure\":{\"Expression\":{\"SourceRef\":{\"Source\":\"s\"}},\"Property\":\"TotalSales\"},\"Name\":\"Sales.TotalSales\",\"NativeReferenceName\":\"TotalSales\"},{\"HierarchyLevel\":{\"Expression\":{\"Hierarchy\":{\"Expression\":{\"PropertyVariationSource\":{\"Expression\":{\"SourceRef\":{\"Source\":\"t\"}},\"Name\":\"Variation\",\"Property\":\"Month\"}},\"Hierarchy\":\"Date Hierarchy\"}},\"Level\":\"Year\"},\"Name\":\"Time.Month.Variation.Date Hierarchy.Year\",\"NativeReferenceName\":\"Month Year\"},{\"HierarchyLevel\":{\"Expression\":{\"Hierarchy\":{\"Expression\":{\"PropertyVariationSource\":{\"Expression\":{\"SourceRef\":{\"Source\":\"t\"}},\"Name\":\"Variation\",\"Property\":\"Month\"}},\"Hierarchy\":\"Date Hierarchy\"}},\"Level\":\"Quarter\"},\"Name\":\"Time.Month.Variation.Date Hierarchy.Quarter\",\"NativeReferenceName\":\"Month Quarter\"},{\"HierarchyLevel\":{\"Expression\":{\"Hierarchy\":{\"Expression\":{\"PropertyVariationSource\":{\"Expression\":{\"SourceRef\":{\"Source\":\"t\"}},\"Name\":\"Variation\",\"Property\":\"Month\"}},\"Hierarchy\":\"Date Hierarchy\"}},\"Level\":\"Month\"},\"Name\":\"Time.Month.Variation.Date Hierarchy.Month\",\"NativeReferenceName\":\"Month Month\"},{\"HierarchyLevel\":{\"Expression\":{\"Hierarchy\":{\"Expression\":{\"PropertyVariationSource\":{\"Expression\":{\"SourceRef\":{\"Source\":\"t\"}},\"Name\":\"Variation\",\"Property\":\"Month\"}},\"Hierarchy\":\"Date Hierarchy\"}},\"Level\":\"Day\"},\"Name\":\"Time.Month.Variation.Date Hierarchy.Day\",\"NativeReferenceName\":\"Month Day\"}]},\"objects\":{\"forecast\":[{\"properties\":{\"show\":{\"expr\":{\"Literal\":{\"Value\":\"true\"}}},\"displayName\":{\"expr\":{\"Literal\":{\"Value\":\"'Forecast 1'\"}}},\"transform\":{\"algorithm\":\"Forecast\",\"parameters\":[{\"Literal\":{\"Value\":\"0D\"},\"Name\":\"Unit\"},{\"Literal\":{\"Value\":\"2D\"},\"Name\":\"ForecastLength\"},{\"Literal\":{\"Value\":\"0D\"},\"Name\":\"IgnoreLast\"},{\"Literal\":{\"Value\":\"0.95D\"},\"Name\":\"ConfidenceLevel\"},{\"Literal\":{\"Value\":\"2D\"},\"Name\":\"MaxSeasonality\"}]}},\"selector\":{\"metadata\":\"Sales.TotalSales\",\"id\":\"1\"}}]}}}",
          "filters": "[]",
          "height": 384.40,
          "width": 1134.64,
          "x": 10.60,
          "y": 19.88,
          "z": 0.00
        }
      ],
      "width": 1280.00
    },
    {
      "config": "{}",
      "displayName": "Area chart",
      "displayOption": 1,
      "filters": "[]",
      "height": 720.00,
      "name": "9ae6048d0aca560ca55c",
      "ordinal": 5,
      "visualContainers": [
        {
          "config": "{\"name\":\"dffbe30fb04aec086ad1\",\"layouts\":[{\"id\":0,\"position\":{\"x\":10.604073179150847,\"y\":19.882637210907838,\"z\":0,\"width\":1056.430790472903,\"height\":379.09561615464276,\"tabOrder\":0}}],\"singleVisual\":{\"visualType\":\"areaChart\",\"projections\":{\"Y\":[{\"queryRef\":\"Sales.Last Year Sales\"},{\"queryRef\":\"Sales.This Year Sales\"}],\"Category\":[{\"queryRef\":\"Time.FiscalMonth\",\"active\":true}]},\"prototypeQuery\":{\"Version\":2,\"From\":[{\"Name\":\"s\",\"Entity\":\"Sales\",\"Type\":0},{\"Name\":\"t\",\"Entity\":\"Time\",\"Type\":0}],\"Select\":[{\"Measure\":{\"Expression\":{\"SourceRef\":{\"Source\":\"s\"}},\"Property\":\"Last Year Sales\"},\"Name\":\"Sales.Last Year Sales\",\"NativeReferenceName\":\"Last Year Sales\"},{\"Measure\":{\"Expression\":{\"SourceRef\":{\"Source\":\"s\"}},\"Property\":\"This Year Sales\"},\"Name\":\"Sales.This Year Sales\",\"NativeReferenceName\":\"This Year Sales\"},{\"Column\":{\"Expression\":{\"SourceRef\":{\"Source\":\"t\"}},\"Property\":\"FiscalMonth\"},\"Name\":\"Time.FiscalMonth\",\"NativeReferenceName\":\"FiscalMonth\"}],\"OrderBy\":[{\"Direction\":1,\"Expression\":{\"Column\":{\"Expression\":{\"SourceRef\":{\"Source\":\"t\"}},\"Property\":\"FiscalMonth\"}}}]}}}",
          "filters": "[]",
          "height": 379.10,
          "width": 1056.43,
          "x": 10.60,
          "y": 19.88,
          "z": 0.00
        }
      ],
      "width": 1280.00
    },
    {
      "config": "{}",
      "displayName": "Info",
      "displayOption": 1,
      "filters": "[]",
      "height": 720.00,
      "name": "ReportSection",
      "visualContainers": [
        {
          "config": "{\"name\":\"VisualContainer\",\"layouts\":[{\"id\":0,\"position\":{\"x\":9.799043062200957,\"y\":4.899521531100478,\"z\":0,\"width\":1268.9760765550238,\"height\":714.1052631578947}}],\"singleVisual\":{\"visualType\":\"image\",\"objects\":{\"general\":[{\"properties\":{\"imageUrl\":{\"expr\":{\"ResourcePackageItem\":{\"PackageName\":\"RegisteredResources\",\"PackageType\":1,\"ItemName\":\"obvience-splash-screen-16-95959706779103726.png\"}}}}}]}}}",
          "height": 714.11,
          "width": 1268.98,
          "x": 9.80,
          "y": 4.90,
          "z": 0.00
        },
        {
          "config": "{\"name\":\"VisualContainer1\",\"layouts\":[{\"id\":0,\"position\":{\"x\":67.36842105263158,\"y\":226.60287081339712,\"z\":1000,\"width\":300.0956937799043,\"height\":58.79425837320574}}],\"singleVisual\":{\"visualType\":\"textbox\",\"objects\":{\"general\":[{\"properties\":{\"paragraphs\":[{\"textRuns\":[{\"value\":\"www.obvience.com\",\"textStyle\":{\"fontSize\":\"15pt\",\"color\":\"#2da2bf\"},\"url\":\"http://www.obvience.com\"}]}]}}]},\"vcObjects\":{\"background\":[{\"properties\":{\"color\":{\"solid\":{\"color\":{\"expr\":{\"Literal\":{\"Value\":\"'#000000'\"}}}}},\"show\":{\"expr\":{\"Literal\":{\"Value\":\"true\"}}},\"transparency\":{\"expr\":{\"Literal\":{\"Value\":\"0L\"}}}}}]}}}",
          "height": 58.79,
          "width": 300.10,
          "x": 67.37,
          "y": 226.60,
          "z": 1000.00
        }
      ],
      "width": 1280.00
    },
    {
      "config": "{}",
      "displayName": "District Monthly Sales",
      "displayOption": 0,
      "filters": "[{\"name\":\"Filter\",\"expression\":{\"Column\":{\"Expression\":{\"SourceRef\":{\"Entity\":\"Time\"}},\"Property\":\"FiscalMonth\"}},\"type\":\"Categorical\",\"howCreated\":1,\"isLinkedAsAggregation\":false},{\"name\":\"Filter1\",\"expression\":{\"Column\":{\"Expression\":{\"SourceRef\":{\"Entity\":\"District\"}},\"Property\":\"District\"}},\"type\":\"Categorical\",\"howCreated\":1,\"isLinkedAsAggregation\":false},{\"name\":\"Filter2\",\"expression\":{\"Column\":{\"Expression\":{\"SourceRef\":{\"Entity\":\"District\"}},\"Property\":\"DM\"}},\"type\":\"Categorical\",\"howCreated\":1,\"isLinkedAsAggregation\":false},{\"name\":\"Filter3\",\"expression\":{\"Column\":{\"Expression\":{\"SourceRef\":{\"Entity\":\"Store\"}},\"Property\":\"Name\"}},\"type\":\"Categorical\",\"howCreated\":1,\"isLinkedAsAggregation\":false},{\"name\":\"Filter4\",\"expression\":{\"Column\":{\"Expression\":{\"SourceRef\":{\"Entity\":\"Store\"}},\"Property\":\"Chain\"}},\"type\":\"Categorical\",\"howCreated\":1,\"isLinkedAsAggregation\":false},{\"name\":\"Filter5\",\"expression\":{\"Column\":{\"Expression\":{\"SourceRef\":{\"Entity\":\"Item\"}},\"Property\":\"Category\"}},\"type\":\"Categorical\",\"howCreated\":1,\"isLinkedAsAggregation\":false}]",
      "height": 720.00,
      "name": "ReportSection2",
      "ordinal": 2,
      "visualContainers": [
        {
          "config": "{\"name\":\"VisualContainer\",\"layouts\":[{\"id\":0,\"position\":{\"x\":2,\"y\":2,\"z\":0,\"width\":340,\"height\":69}}],\"singleVisual\":{\"visualType\":\"textbox\",\"objects\":{\"general\":[{\"properties\":{\"paragraphs\":[{\"textRuns\":[{\"value\":\"District Monthly Sales\",\"textStyle\":{\"fontFamily\":\"Segoe UI Light\",\"fontSize\":\"28pt\",\"fontStyle\":\"normal\",\"fontWeight\":\"normal\"}}],\"horizontalTextAlignment\":\"center\"}]}}]}}}",
          "height": 69.00,
          "width": 340.00,
          "x": 2.00,
          "y": 2.00,
          "z": 0.00
        },
        {
          "config": "{\"name\":\"VisualContainer1\",\"layouts\":[{\"id\":0,\"position\":{\"x\":677,\"y\":59,\"z\":1000,\"width\":275,\"height\":273}}],\"singleVisual\":{\"visualType\":\"clusteredColumnChart\",\"projections\":{\"Category\":[{\"queryRef\":\"select\",\"active\":true}],\"Y\":[{\"queryRef\":\"select1\"}]},\"prototypeQuery\":{\"Version\":2,\"From\":[{\"Name\":\"t\",\"Entity\":\"Time\",\"Type\":0},{\"Name\":\"s\",\"Entity\":\"Sales\",\"Type\":0}],\"Select\":[{\"Column\":{\"Expression\":{\"SourceRef\":{\"Source\":\"t\"}},\"Property\":\"FiscalMonth\"},\"Name\":\"select\"},{\"Measure\":{\"Expression\":{\"SourceRef\":{\"Source\":\"s\"}},\"Property\":\"Total Sales Variance %\"},\"Name\":\"select1\"}]},\"objects\":{\"categoryAxis\":[{\"properties\":{\"axisType\":{\"expr\":{\"Literal\":{\"Value\":\"'Categorical'\"}}}}}],\"labels\":[{\"properties\":{\"show\":{\"expr\":{\"Literal\":{\"Value\":\"false\"}}}}}],\"legend\":[{\"properties\":{\"position\":{\"expr\":{\"Literal\":{\"Value\":\"'Bottom'\"}}},\"show\":{\"expr\":{\"Literal\":{\"Value\":\"true\"}}}}}]},\"vcObjects\":{\"title\":[{\"properties\":{\"show\":{\"expr\":{\"Literal\":{\"Value\":\"true\"}}}}}]}}}",
          "height": 273.00,
          "width": 275.00,
          "x": 677.00,
          "y": 59.00,
          "z": 1000.00
        },
        {
          "config": "{\"name\":\"VisualContainer2\",\"layouts\":[{\"id\":0,\"position\":{\"x\":835.8620689655173,\"y\":683.4697217675941,\"z\":5000,\"width\":123.21839080459772,\"height\":36.53027823240589}}],\"singleVisual\":{\"visualType\":\"textbox\",\"objects\":{\"general\":[{\"properties\":{\"paragraphs\":[{\"textRuns\":[{\"value\":\"obviEnce llc ©\",\"textStyle\":{\"fontFamily\":\"Heading\",\"fontSize\":\"8pt\",\"fontStyle\":\"normal\",\"fontWeight\":\"normal\"}}],\"horizontalTextAlignment\":\"right\"}]}}]}}}",
          "height": 36.53,
          "width": 123.22,
          "x": 835.86,
          "y": 683.47,
          "z": 5000.00
        },
        {
          "config": "{\"name\":\"VisualContainer3\",\"layouts\":[{\"id\":0,\"position\":{\"x\":9.785932721712538,\"y\":351.92825112107624,\"z\":2000,\"width\":426.66666666666663,\"height\":279.8206278026906}}],\"singleVisual\":{\"visualType\":\"areaChart\",\"projections\":{\"Category\":[{\"queryRef\":\"Time.FiscalMonth\",\"active\":true}],\"Y\":[{\"queryRef\":\"Sales.Last Year Sales\"},{\"queryRef\":\"Sales.This Year Sales\"}]},\"prototypeQuery\":{\"Version\":2,\"From\":[{\"Name\":\"s\",\"Entity\":\"Sales\",\"Type\":0},{\"Name\":\"t\",\"Entity\":\"Time\",\"Type\":0}],\"Select\":[{\"Column\":{\"Expression\":{\"SourceRef\":{\"Source\":\"t\"}},\"Property\":\"FiscalMonth\"},\"Name\":\"Time.FiscalMonth\"},{\"Measure\":{\"Expression\":{\"SourceRef\":{\"Source\":\"s\"}},\"Property\":\"Last Year Sales\"},\"Name\":\"Sales.Last Year Sales\"},{\"Measure\":{\"Expression\":{\"SourceRef\":{\"Source\":\"s\"}},\"Property\":\"This Year Sales\"},\"Name\":\"Sales.This Year Sales\"}],\"OrderBy\":[{\"Direction\":1,\"Expression\":{\"Column\":{\"Expression\":{\"SourceRef\":{\"Source\":\"t\"}},\"Property\":\"FiscalMonth\"}}}]}}}",
          "height": 279.82,
          "width": 426.67,
          "x": 9.79,
          "y": 351.93,
          "z": 2000.00
        },
        {
          "config": "{\"name\":\"VisualContainer4\",\"layouts\":[{\"id\":0,\"position\":{\"x\":447.21712538226296,\"y\":351.92825112107624,\"z\":3000,\"width\":509.8470948012232,\"height\":279.8206278026906}}],\"singleVisual\":{\"visualType\":\"scatterChart\",\"projections\":{\"Category\":[{\"queryRef\":\"Item.Category\",\"active\":true}],\"X\":[{\"queryRef\":\"Sales.Total Sales Variance %\",\"active\":true}],\"Y\":[{\"queryRef\":\"Sales.Avg $/Unit TY\"}],\"Size\":[{\"queryRef\":\"Sales.This Year Sales\"}],\"Series\":[{\"queryRef\":\"Item.Category\"}]},\"prototypeQuery\":{\"Version\":2,\"From\":[{\"Name\":\"i\",\"Entity\":\"Item\",\"Type\":0},{\"Name\":\"s\",\"Entity\":\"Sales\",\"Type\":0}],\"Select\":[{\"Column\":{\"Expression\":{\"SourceRef\":{\"Source\":\"i\"}},\"Property\":\"Category\"},\"Name\":\"Item.Category\"},{\"Measure\":{\"Expression\":{\"SourceRef\":{\"Source\":\"s\"}},\"Property\":\"Total Sales Variance %\"},\"Name\":\"Sales.Total Sales Variance %\"},{\"Measure\":{\"Expression\":{\"SourceRef\":{\"Source\":\"s\"}},\"Property\":\"Avg $/Unit TY\"},\"Name\":\"Sales.Avg $/Unit TY\"},{\"Measure\":{\"Expression\":{\"SourceRef\":{\"Source\":\"s\"}},\"Property\":\"This Year Sales\"},\"Name\":\"Sales.This Year Sales\"}],\"OrderBy\":[{\"Direction\":2,\"Expression\":{\"Measure\":{\"Expression\":{\"SourceRef\":{\"Source\":\"s\"}},\"Property\":\"Total Sales Variance %\"}}}]},\"objects\":{\"categoryLabels\":[{\"properties\":{\"show\":{\"expr\":{\"Literal\":{\"Value\":\"true\"}}}}}]}}}",
          "height": 279.82,
          "width": 509.85,
          "x": 447.22,
          "y": 351.93,
          "z": 3000.00
        },
        {
          "config": "{\"name\":\"VisualContainer5\",\"layouts\":[{\"id\":0,\"position\":{\"x\":142.87461773700304,\"y\":74.26008968609865,\"z\":4000,\"width\":535.2905198776758,\"height\":260.4484304932735}}],\"singleVisual\":{\"visualType\":\"clusteredColumnChart\",\"projections\":{\"Y\":[{\"queryRef\":\"Sales.This Year Sales\"}],\"Category\":[{\"queryRef\":\"Store.StoreNumberName\",\"active\":true}]},\"prototypeQuery\":{\"Version\":2,\"From\":[{\"Name\":\"s1\",\"Entity\":\"Sales\",\"Type\":0},{\"Name\":\"s\",\"Entity\":\"Store\",\"Type\":0}],\"Select\":[{\"Measure\":{\"Expression\":{\"SourceRef\":{\"Source\":\"s1\"}},\"Property\":\"This Year Sales\"},\"Name\":\"Sales.This Year Sales\"},{\"Column\":{\"Expression\":{\"SourceRef\":{\"Source\":\"s\"}},\"Property\":\"StoreNumberName\"},\"Name\":\"Store.StoreNumberName\"}],\"OrderBy\":[{\"Direction\":2,\"Expression\":{\"Aggregation\":{\"Expression\":{\"Column\":{\"Expression\":{\"SourceRef\":{\"Source\":\"s\"}},\"Property\":\"StoreNumber\"}},\"Function\":0}}}]},\"objects\":{\"labels\":[{\"properties\":{\"show\":{\"expr\":{\"Literal\":{\"Value\":\"true\"}}}}}]}}}",
          "height": 260.45,
          "width": 535.29,
          "x": 142.87,
          "y": 74.26,
          "z": 4000.00
        },
        {
          "config": "{\"name\":\"VisualContainer6\",\"layouts\":[{\"id\":0,\"position\":{\"x\":6.850152905198776,\"y\":83.94618834080717,\"z\":6000,\"width\":116.4525993883792,\"height\":241.0762331838565}}],\"singleVisual\":{\"visualType\":\"slicer\",\"projections\":{\"Values\":[{\"queryRef\":\"District.DM\",\"active\":true}]},\"prototypeQuery\":{\"Version\":2,\"From\":[{\"Name\":\"d\",\"Entity\":\"District\",\"Type\":0}],\"Select\":[{\"Column\":{\"Expression\":{\"SourceRef\":{\"Source\":\"d\"}},\"Property\":\"DM\"},\"Name\":\"District.DM\"}]},\"objects\":{\"header\":[{\"properties\":{\"show\":{\"expr\":{\"Literal\":{\"Value\":\"false\"}}}}}]},\"vcObjects\":{\"title\":[{\"properties\":{\"fontColor\":{\"solid\":{\"color\":{\"expr\":{\"Literal\":{\"Value\":\"'#000000'\"}}}}},\"show\":{\"expr\":{\"Literal\":{\"Value\":\"true\"}}},\"text\":{\"expr\":{\"Literal\":{\"Value\":\"'District Manager'\"}}}}}]}}}",
          "height": 241.08,
          "width": 116.45,
          "x": 6.85,
          "y": 83.95,
          "z": 6000.00
        }
      ],
      "width": 960.00
    },
    {
      "config": "{}",
      "displayName": "Overview",
      "displayOption": 1,
      "filters": "[{\"name\":\"Filter\",\"expression\":{\"Column\":{\"Expression\":{\"SourceRef\":{\"Entity\":\"District\"}},\"Property\":\"District\"}},\"type\":\"Categorical\",\"howCreated\":1,\"isLinkedAsAggregation\":false},{\"name\":\"Filter1\",\"expression\":{\"Column\":{\"Expression\":{\"SourceRef\":{\"Entity\":\"Store\"}},\"Property\":\"Chain\"}},\"type\":\"Categorical\",\"howCreated\":1,\"isLinkedAsAggregation\":false},{\"name\":\"Filter2\",\"expression\":{\"Column\":{\"Expression\":{\"SourceRef\":{\"Entity\":\"Store\"}},\"Property\":\"City\"}},\"type\":\"Categorical\",\"howCreated\":1,\"isLinkedAsAggregation\":false},{\"name\":\"Filter3\",\"expression\":{\"Column\":{\"Expression\":{\"SourceRef\":{\"Entity\":\"Store\"}},\"Property\":\"Name\"}},\"type\":\"Categorical\",\"howCreated\":1,\"isLinkedAsAggregation\":false},{\"name\":\"Filter4\",\"expression\":{\"Column\":{\"Expression\":{\"SourceRef\":{\"Entity\":\"Store\"}},\"Property\":\"Open Month\"}},\"type\":\"Categorical\",\"howCreated\":1,\"isLinkedAsAggregation\":false},{\"name\":\"Filter5\",\"expression\":{\"Column\":{\"Expression\":{\"SourceRef\":{\"Entity\":\"Store\"}},\"Property\":\"Store Type\"}},\"type\":\"Categorical\",\"howCreated\":1,\"isLinkedAsAggregation\":false}]",
      "height": 720.00,
      "name": "ReportSection3",
      "ordinal": 1,
      "visualContainers": [
        {
          "config": "{\"name\":\"VisualContainer\",\"layouts\":[{\"id\":0,\"position\":{\"x\":0,\"y\":0,\"z\":0,\"width\":420,\"height\":69}}],\"singleVisual\":{\"visualType\":\"textbox\",\"objects\":{\"general\":[{\"properties\":{\"paragraphs\":[{\"textRuns\":[{\"value\":\"Store Sales Overview\",\"textStyle\":{\"fontFamily\":\"Segoe UI Light\",\"fontSize\":\"28pt\",\"fontStyle\":\"normal\",\"fontWeight\":\"normal\"}}],\"horizontalTextAlignment\":\"center\"}]}}]}}}",
          "height": 69.00,
          "width": 420.00,
          "x": 0.00,
          "y": 0.00,
          "z": 0.00
        },
        {
          "config": "{\"name\":\"VisualContainer1\",\"layouts\":[{\"id\":0,\"position\":{\"x\":470.5498981670061,\"y\":189.0020366598778,\"z\":1000,\"width\":114.70468431771894,\"height\":91.24236252545825}}],\"singleVisual\":{\"visualType\":\"card\",\"projections\":{\"Values\":[{\"queryRef\":\"Store.Total Stores\"}]},\"prototypeQuery\":{\"Version\":2,\"From\":[{\"Name\":\"s\",\"Entity\":\"Store\",\"Type\":0}],\"Select\":[{\"Measure\":{\"Expression\":{\"SourceRef\":{\"Source\":\"s\"}},\"Property\":\"Total Stores\"},\"Name\":\"Store.Total Stores\"}]}}}",
          "height": 91.24,
          "width": 114.70,
          "x": 470.55,
          "y": 189.00,
          "z": 1000.00
        },
        {
          "config": "{\"name\":\"VisualContainer2\",\"layouts\":[{\"id\":0,\"position\":{\"x\":32.586558044806516,\"y\":351.9348268839104,\"z\":2000,\"width\":564.3991853360488,\"height\":329.77596741344195}}],\"singleVisual\":{\"visualType\":\"map\",\"projections\":{\"Category\":[{\"queryRef\":\"select\",\"active\":true}],\"Series\":[{\"queryRef\":\"select1\"}],\"Size\":[{\"queryRef\":\"select2\"}]},\"prototypeQuery\":{\"Version\":2,\"From\":[{\"Name\":\"s\",\"Entity\":\"Store\",\"Type\":0},{\"Name\":\"s1\",\"Entity\":\"Sales\",\"Type\":0}],\"Select\":[{\"Column\":{\"Expression\":{\"SourceRef\":{\"Source\":\"s\"}},\"Property\":\"PostalCode\"},\"Name\":\"select\"},{\"Column\":{\"Expression\":{\"SourceRef\":{\"Source\":\"s\"}},\"Property\":\"Store Type\"},\"Name\":\"select1\"},{\"Measure\":{\"Expression\":{\"SourceRef\":{\"Source\":\"s1\"}},\"Property\":\"This Year Sales\"},\"Name\":\"select2\"}]},\"objects\":{\"legend\":[{\"properties\":{\"position\":{\"expr\":{\"Literal\":{\"Value\":\"'Top'\"}}},\"show\":{\"expr\":{\"Literal\":{\"Value\":\"true\"}}}}}]},\"vcObjects\":{\"title\":[{\"properties\":{\"show\":{\"expr\":{\"Literal\":{\"Value\":\"true\"}}}}}]}}}",
          "height": 329.78,
          "width": 564.40,
          "x": 32.59,
          "y": 351.93,
          "z": 2000.00
        },
        {
          "config": "{\"name\":\"VisualContainer3\",\"layouts\":[{\"id\":0,\"position\":{\"x\":1131.7894736842106,\"y\":687.1578947368421,\"z\":3000,\"width\":137.1866028708134,\"height\":30.62200956937799}}],\"singleVisual\":{\"visualType\":\"textbox\",\"objects\":{\"general\":[{\"properties\":{\"paragraphs\":[{\"textRuns\":[{\"value\":\"obviEnce llc ©\",\"textStyle\":{\"fontFamily\":\"Heading\",\"fontSize\":\"8pt\",\"fontStyle\":\"normal\",\"fontWeight\":\"normal\"}}],\"horizontalTextAlignment\":\"right\"}]}}]}}}",
          "height": 30.62,
          "width": 137.19,
          "x": 1131.79,
          "y": 687.16,
          "z": 3000.00
        },
        {
          "config": "{\"name\":\"VisualContainer4\",\"layouts\":[{\"id\":0,\"position\":{\"x\":643.9103869653768,\"y\":16.945010183299388,\"z\":4000,\"width\":612.6272912423625,\"height\":263.29938900203666}}],\"singleVisual\":{\"visualType\":\"clusteredColumnChart\",\"projections\":{\"Category\":[{\"queryRef\":\"Time.FiscalMonth\",\"active\":true}],\"Series\":[{\"queryRef\":\"District.DM\"}],\"Y\":[{\"queryRef\":\"Sales.Total Sales Variance\"}]},\"prototypeQuery\":{\"Version\":2,\"From\":[{\"Name\":\"t\",\"Entity\":\"Time\",\"Type\":0},{\"Name\":\"d\",\"Entity\":\"District\",\"Type\":0},{\"Name\":\"s\",\"Entity\":\"Sales\",\"Type\":0}],\"Select\":[{\"Column\":{\"Expression\":{\"SourceRef\":{\"Source\":\"t\"}},\"Property\":\"FiscalMonth\"},\"Name\":\"Time.FiscalMonth\"},{\"Column\":{\"Expression\":{\"SourceRef\":{\"Source\":\"d\"}},\"Property\":\"DM\"},\"Name\":\"District.DM\"},{\"Measure\":{\"Expression\":{\"SourceRef\":{\"Source\":\"s\"}},\"Property\":\"Total Sales Variance\"},\"Name\":\"Sales.Total Sales Variance\"}]},\"objects\":{\"categoryAxis\":[{\"properties\":{\"axisType\":{\"expr\":{\"Literal\":{\"Value\":\"'Categorical'\"}}}}}],\"labels\":[{\"properties\":{\"show\":{\"expr\":{\"Literal\":{\"Value\":\"false\"}}}}}],\"legend\":[{\"properties\":{\"position\":{\"expr\":{\"Literal\":{\"Value\":\"'Right'\"}}},\"show\":{\"expr\":{\"Literal\":{\"Value\":\"true\"}}}}}]},\"vcObjects\":{\"title\":[{\"properties\":{\"show\":{\"expr\":{\"Literal\":{\"Value\":\"true\"}}},\"text\":{\"expr\":{\"Literal\":{\"Value\":\"'Total Sales Variance by FiscalMonth and District Manager'\"}}}}}]}}}",
          "height": 263.30,
          "width": 612.63,
          "x": 643.91,
          "y": 16.95,
          "z": 4000.00
        },
        {
          "config": "{\"name\":\"VisualContainer5\",\"layouts\":[{\"id\":0,\"position\":{\"x\":108.18737270875764,\"y\":78.20773930753563,\"z\":5000,\"width\":248.96130346232178,\"height\":205.9470468431772}}],\"singleVisual\":{\"visualType\":\"pieChart\",\"projections\":{\"Category\":[{\"queryRef\":\"select\",\"active\":true}],\"Y\":[{\"queryRef\":\"select1\"}]},\"prototypeQuery\":{\"Version\":2,\"From\":[{\"Name\":\"s\",\"Entity\":\"Store\",\"Type\":0},{\"Name\":\"s1\",\"Entity\":\"Sales\",\"Type\":0}],\"Select\":[{\"Column\":{\"Expression\":{\"SourceRef\":{\"Source\":\"s\"}},\"Property\":\"Chain\"},\"Name\":\"select\"},{\"Measure\":{\"Expression\":{\"SourceRef\":{\"Source\":\"s1\"}},\"Property\":\"This Year Sales\"},\"Name\":\"select1\"}]},\"objects\":{\"labels\":[{\"properties\":{\"show\":{\"expr\":{\"Literal\":{\"Value\":\"true\"}}},\"labelStyle\":{\"expr\":{\"Literal\":{\"Value\":\"'Both'\"}}}}}],\"legend\":[{\"properties\":{\"position\":{\"expr\":{\"Literal\":{\"Value\":\"'Bottom'\"}}},\"show\":{\"expr\":{\"Literal\":{\"Value\":\"false\"}}}}}]},\"vcObjects\":{\"title\":[{\"properties\":{\"show\":{\"expr\":{\"Literal\":{\"Value\":\"true\"}}}}}]}}}",
          "height": 205.95,
          "width": 248.96,
          "x": 108.19,
          "y": 78.21,
          "z": 5000.00
        },
        {
          "config": "{\"name\":\"VisualContainer6\",\"layouts\":[{\"id\":0,\"position\":{\"x\":607.4134419551934,\"y\":331.0794297352342,\"z\":6000,\"width\":654.3380855397148,\"height\":379.3075356415479}}],\"singleVisual\":{\"visualType\":\"scatterChart\",\"projections\":{\"Category\":[{\"queryRef\":\"select\",\"active\":true},{\"queryRef\":\"select1\"}],\"Y\":[{\"queryRef\":\"select2\"}],\"X\":[{\"queryRef\":\"select3\",\"active\":true}],\"Size\":[{\"queryRef\":\"select4\"}],\"Series\":[{\"queryRef\":\"select\",\"active\":true}]},\"prototypeQuery\":{\"Version\":2,\"From\":[{\"Name\":\"d\",\"Entity\":\"District\",\"Type\":0},{\"Name\":\"s\",\"Entity\":\"Store\",\"Type\":0},{\"Name\":\"s1\",\"Entity\":\"Sales\",\"Type\":0}],\"Select\":[{\"Column\":{\"Expression\":{\"SourceRef\":{\"Source\":\"d\"}},\"Property\":\"District\"},\"Name\":\"select\"},{\"Column\":{\"Expression\":{\"SourceRef\":{\"Source\":\"s\"}},\"Property\":\"StoreNumber\"},\"Name\":\"select1\"},{\"Measure\":{\"Expression\":{\"SourceRef\":{\"Source\":\"s1\"}},\"Property\":\"Sales Per Sq Ft\"},\"Name\":\"select2\"},{\"Measure\":{\"Expression\":{\"SourceRef\":{\"Source\":\"s1\"}},\"Property\":\"Total Sales Variance %\"},\"Name\":\"select3\"},{\"Measure\":{\"Expression\":{\"SourceRef\":{\"Source\":\"s1\"}},\"Property\":\"This Year Sales\"},\"Name\":\"select4\"}]},\"objects\":{\"categoryAxis\":[{\"properties\":{}}],\"categoryLabels\":[{\"properties\":{\"show\":{\"expr\":{\"Literal\":{\"Value\":\"true\"}}}}}],\"legend\":[{\"properties\":{\"position\":{\"expr\":{\"Literal\":{\"Value\":\"'Right'\"}}},\"show\":{\"expr\":{\"Literal\":{\"Value\":\"false\"}}}}}]},\"vcObjects\":{\"title\":[{\"properties\":{\"show\":{\"expr\":{\"Literal\":{\"Value\":\"true\"}}}}}]}}}",
          "filters": "[{\"expression\":{\"Column\":{\"Expression\":{\"SourceRef\":{\"Entity\":\"Store\"}},\"Property\":\"Store Type\"}},\"filter\":{\"Version\":2,\"From\":[{\"Name\":\"s\",\"Entity\":\"Store\",\"Type\":0}],\"Where\":[{\"Condition\":{\"Comparison\":{\"ComparisonKind\":0,\"Left\":{\"Column\":{\"Expression\":{\"SourceRef\":{\"Source\":\"s\"}},\"Property\":\"Store Type\"}},\"Right\":{\"Literal\":{\"Value\":\"'Same Store'\"}}}}}]},\"type\":\"Categorical\",\"howCreated\":1}]",
          "height": 379.31,
          "width": 654.34,
          "x": 607.41,
          "y": 331.08,
          "z": 6000.00
        },
        {
          "config": "{\"name\":\"VisualContainer7\",\"layouts\":[{\"id\":0,\"position\":{\"x\":479.67413441955193,\"y\":65.17311608961303,\"z\":7000,\"width\":114.70468431771894,\"height\":91.24236252545825}}],\"singleVisual\":{\"visualType\":\"card\",\"projections\":{\"Values\":[{\"queryRef\":\"Store.New Stores\"}]},\"prototypeQuery\":{\"Version\":2,\"From\":[{\"Name\":\"s\",\"Entity\":\"Store\",\"Type\":0}],\"Select\":[{\"Measure\":{\"Expression\":{\"SourceRef\":{\"Source\":\"s\"}},\"Property\":\"New Stores\"},\"Name\":\"Store.New Stores\"}]}}}",
          "height": 91.24,
          "width": 114.70,
          "x": 479.67,
          "y": 65.17,
          "z": 7000.00
        }
      ],
      "width": 1280.00
    },
    {
      "config": "{}",
      "displayName": "New Stores",
      "displayOption": 1,
      "filters": "[{\"name\":\"Filter\",\"expression\":{\"Column\":{\"Expression\":{\"SourceRef\":{\"Entity\":\"Store\"}},\"Property\":\"Store Type\"}},\"filter\":{\"Version\":2,\"From\":[{\"Name\":\"s\",\"Entity\":\"Store\",\"Type\":0}],\"Where\":[{\"Condition\":{\"Comparison\":{\"ComparisonKind\":0,\"Left\":{\"Column\":{\"Expression\":{\"SourceRef\":{\"Source\":\"s\"}},\"Property\":\"Store Type\"}},\"Right\":{\"Literal\":{\"Value\":\"'New Store'\"}}}}}]},\"type\":\"Categorical\",\"howCreated\":1,\"isLinkedAsAggregation\":false},{\"name\":\"Filter1\",\"expression\":{\"Column\":{\"Expression\":{\"SourceRef\":{\"Entity\":\"Store\"}},\"Property\":\"Open Month\"}},\"type\":\"Categorical\",\"howCreated\":1,\"isLinkedAsAggregation\":false},{\"name\":\"Filter2\",\"expression\":{\"Column\":{\"Expression\":{\"SourceRef\":{\"Entity\":\"Store\"}},\"Property\":\"Chain\"}},\"type\":\"Categorical\",\"howCreated\":1,\"isLinkedAsAggregation\":false},{\"name\":\"Filter3\",\"expression\":{\"Column\":{\"Expression\":{\"SourceRef\":{\"Entity\":\"Store\"}},\"Property\":\"City\"}},\"type\":\"Categorical\",\"howCreated\":1,\"isLinkedAsAggregation\":false},{\"name\":\"Filter4\",\"expression\":{\"Column\":{\"Expression\":{\"SourceRef\":{\"Entity\":\"Store\"}},\"Property\":\"Name\"}},\"type\":\"Categorical\",\"howCreated\":1,\"isLinkedAsAggregation\":false}]",
      "height": 720.00,
      "name": "ReportSection4",
      "ordinal": 3,
      "visualContainers": [
        {
          "config": "{\"name\":\"VisualContainer\",\"layouts\":[{\"id\":0,\"position\":{\"x\":405.37678207739305,\"y\":9.124236252545824,\"z\":2000,\"width\":457.5152749490835,\"height\":69.08350305498982,\"tabOrder\":1000}}],\"singleVisual\":{\"visualType\":\"textbox\",\"objects\":{\"general\":[{\"properties\":{\"paragraphs\":[{\"textRuns\":[{\"value\":\"New Stores Analysis\",\"textStyle\":{\"fontFamily\":\"Segoe UI Light\",\"fontSize\":\"28pt\",\"fontStyle\":\"normal\",\"fontWeight\":\"normal\"}}],\"horizontalTextAlignment\":\"center\"}]}}]}}}",
          "height": 69.08,
          "width": 457.52,
          "x": 405.38,
          "y": 9.12,
          "z": 2000.00
        },
        {
          "config": "{\"name\":\"VisualContainer1\",\"layouts\":[{\"id\":0,\"position\":{\"x\":32.586558044806516,\"y\":452.30142566191444,\"z\":3000,\"width\":918.9409368635438,\"height\":239.83706720977597,\"tabOrder\":2000}}],\"singleVisual\":{\"visualType\":\"lineChart\",\"projections\":{\"Category\":[{\"queryRef\":\"select\",\"active\":true}],\"Y\":[{\"queryRef\":\"select2\"}]},\"prototypeQuery\":{\"Version\":2,\"From\":[{\"Name\":\"t\",\"Entity\":\"Time\",\"Type\":0},{\"Name\":\"s1\",\"Entity\":\"Sales\",\"Type\":0}],\"Select\":[{\"Column\":{\"Expression\":{\"SourceRef\":{\"Source\":\"t\"}},\"Property\":\"FiscalMonth\"},\"Name\":\"select\"},{\"Measure\":{\"Expression\":{\"SourceRef\":{\"Source\":\"s1\"}},\"Property\":\"This Year Sales\"},\"Name\":\"select2\"}]},\"objects\":{\"categoryAxis\":[{\"properties\":{\"axisType\":{\"expr\":{\"Literal\":{\"Value\":\"'Categorical'\"}}}}}],\"labels\":[{\"properties\":{\"show\":{\"expr\":{\"Literal\":{\"Value\":\"false\"}}}}}],\"legend\":[{\"properties\":{\"position\":{\"expr\":{\"Literal\":{\"Value\":\"'Right'\"}}},\"show\":{\"expr\":{\"Literal\":{\"Value\":\"true\"}}}}}]},\"vcObjects\":{\"title\":[{\"properties\":{\"show\":{\"expr\":{\"Literal\":{\"Value\":\"true\"}}}}}]}}}",
          "height": 239.84,
          "width": 918.94,
          "x": 32.59,
          "y": 452.30,
          "z": 3000.00
        },
        {
          "config": "{\"name\":\"VisualContainer2\",\"layouts\":[{\"id\":0,\"position\":{\"x\":596.9857433808554,\"y\":83.42158859470469,\"z\":4000,\"width\":653.0346232179226,\"height\":175.9674134419552,\"tabOrder\":3000}}],\"singleVisual\":{\"visualType\":\"clusteredColumnChart\",\"projections\":{\"Category\":[{\"queryRef\":\"select\",\"active\":true}],\"Series\":[{\"queryRef\":\"select1\"}],\"Y\":[{\"queryRef\":\"select2\"}]},\"prototypeQuery\":{\"Version\":2,\"From\":[{\"Name\":\"s\",\"Entity\":\"Store\",\"Type\":0}],\"Select\":[{\"Column\":{\"Expression\":{\"SourceRef\":{\"Source\":\"s\"}},\"Property\":\"Open Month\"},\"Name\":\"select\"},{\"Column\":{\"Expression\":{\"SourceRef\":{\"Source\":\"s\"}},\"Property\":\"Chain\"},\"Name\":\"select1\"},{\"Measure\":{\"Expression\":{\"SourceRef\":{\"Source\":\"s\"}},\"Property\":\"Open Store Count\"},\"Name\":\"select2\"}]},\"objects\":{\"categoryAxis\":[{\"properties\":{\"axisType\":{\"expr\":{\"Literal\":{\"Value\":\"'Categorical'\"}}}}}],\"labels\":[{\"properties\":{\"show\":{\"expr\":{\"Literal\":{\"Value\":\"false\"}}}}}],\"legend\":[{\"properties\":{\"position\":{\"expr\":{\"Literal\":{\"Value\":\"'Bottom'\"}}},\"show\":{\"expr\":{\"Literal\":{\"Value\":\"true\"}}}}}]},\"vcObjects\":{\"title\":[{\"properties\":{\"show\":{\"expr\":{\"Literal\":{\"Value\":\"true\"}}}}}]}}}",
          "height": 175.97,
          "width": 653.03,
          "x": 596.99,
          "y": 83.42,
          "z": 4000.00
        },
        {
          "config": "{\"name\":\"VisualContainer3\",\"layouts\":[{\"id\":0,\"position\":{\"x\":36.496945010183296,\"y\":76.90427698574338,\"z\":0,\"width\":550.061099796334,\"height\":323.25865580448067,\"tabOrder\":4000}}],\"singleVisual\":{\"visualType\":\"map\",\"projections\":{\"Category\":[{\"queryRef\":\"select\",\"active\":true}],\"Series\":[{\"queryRef\":\"select1\"}],\"Size\":[{\"queryRef\":\"select2\"}]},\"prototypeQuery\":{\"Version\":2,\"From\":[{\"Name\":\"s\",\"Entity\":\"Store\",\"Type\":0},{\"Name\":\"s1\",\"Entity\":\"Sales\",\"Type\":0}],\"Select\":[{\"Column\":{\"Expression\":{\"SourceRef\":{\"Source\":\"s\"}},\"Property\":\"City\"},\"Name\":\"select\"},{\"Column\":{\"Expression\":{\"SourceRef\":{\"Source\":\"s\"}},\"Property\":\"Chain\"},\"Name\":\"select1\"},{\"Measure\":{\"Expression\":{\"SourceRef\":{\"Source\":\"s1\"}},\"Property\":\"This Year Sales\"},\"Name\":\"select2\"}]},\"objects\":{\"legend\":[{\"properties\":{\"position\":{\"expr\":{\"Literal\":{\"Value\":\"'Right'\"}}},\"show\":{\"expr\":{\"Literal\":{\"Value\":\"false\"}}}}}]},\"vcObjects\":{\"title\":[{\"properties\":{\"show\":{\"expr\":{\"Literal\":{\"Value\":\"true\"}}}}}]}}}",
          "height": 323.26,
          "width": 550.06,
          "x": 36.50,
          "y": 76.90,
          "z": 0.00
        },
        {
          "config": "{\"name\":\"VisualContainer4\",\"layouts\":[{\"id\":0,\"position\":{\"x\":598.2892057026477,\"y\":272.4236252545825,\"z\":5000,\"width\":653.0346232179226,\"height\":159.0224032586558,\"tabOrder\":5000}}],\"singleVisual\":{\"visualType\":\"columnChart\",\"projections\":{\"Category\":[{\"queryRef\":\"select\",\"active\":true}],\"Y\":[{\"queryRef\":\"select1\"}]},\"prototypeQuery\":{\"Version\":2,\"From\":[{\"Name\":\"s\",\"Entity\":\"Store\",\"Type\":0},{\"Name\":\"s1\",\"Entity\":\"Sales\",\"Type\":0}],\"Select\":[{\"Column\":{\"Expression\":{\"SourceRef\":{\"Source\":\"s\"}},\"Property\":\"Name\"},\"Name\":\"select\"},{\"Measure\":{\"Expression\":{\"SourceRef\":{\"Source\":\"s1\"}},\"Property\":\"Sales Per Sq Ft\"},\"Name\":\"select1\"}]},\"objects\":{\"categoryAxis\":[{\"properties\":{\"axisType\":{\"expr\":{\"Literal\":{\"Value\":\"'Categorical'\"}}}}}],\"labels\":[{\"properties\":{\"show\":{\"expr\":{\"Literal\":{\"Value\":\"true\"}}}}}],\"legend\":[{\"properties\":{\"position\":{\"expr\":{\"Literal\":{\"Value\":\"'Right'\"}}},\"show\":{\"expr\":{\"Literal\":{\"Value\":\"true\"}}}}}]},\"vcObjects\":{\"title\":[{\"properties\":{\"show\":{\"expr\":{\"Literal\":{\"Value\":\"true\"}}}}}]}}}",
          "height": 159.02,
          "width": 653.03,
          "x": 598.29,
          "y": 272.42,
          "z": 5000.00
        },
        {
          "config": "{\"name\":\"VisualContainer5\",\"layouts\":[{\"id\":0,\"position\":{\"x\":1151.3875598086124,\"y\":694.5071770334928,\"z\":1000,\"width\":126.16267942583733,\"height\":24.497607655502392,\"tabOrder\":6000}}],\"singleVisual\":{\"visualType\":\"textbox\",\"objects\":{\"general\":[{\"properties\":{\"paragraphs\":[{\"textRuns\":[{\"value\":\"obviEnce llc ©\",\"textStyle\":{\"fontFamily\":\"Heading\",\"fontSize\":\"8pt\",\"fontStyle\":\"normal\",\"fontWeight\":\"normal\"}}],\"horizontalTextAlignment\":\"right\"}]}}]}}}",
          "height": 24.50,
          "width": 126.16,
          "x": 1151.39,
          "y": 694.51,
          "z": 1000.00
        },
        {
          "config": "{\"name\":\"VisualContainer6\",\"layouts\":[{\"id\":0,\"position\":{\"x\":969,\"y\":451,\"width\":280,\"height\":269,\"z\":6000,\"tabOrder\":7000}}],\"singleVisual\":{\"visualType\":\"slicer\",\"projections\":{\"Values\":[{\"queryRef\":\"Store.Name\",\"active\":true}]},\"prototypeQuery\":{\"Version\":2,\"From\":[{\"Name\":\"s\",\"Entity\":\"Store\",\"Type\":0}],\"Select\":[{\"Column\":{\"Expression\":{\"SourceRef\":{\"Source\":\"s\"}},\"Property\":\"Name\"},\"Name\":\"Store.Name\"}]},\"objects\":{}}}",
          "height": 269.00,
          "width": 280.00,
          "x": 969.00,
          "y": 451.00,
          "z": 6000.00
        },
        {
          "config": "{\"name\":\"dab58969a80cb0d85b84\",\"layouts\":[{\"id\":0,\"position\":{\"x\":37.114256127027964,\"y\":50.36934760096652,\"z\":7000,\"width\":444.0455643769417,\"height\":400.30376251294445,\"tabOrder\":0}}],\"singleVisual\":{\"visualType\":\"areaChart\",\"projections\":{\"Y\":[{\"queryRef\":\"Sales.Last Year Sales\"},{\"queryRef\":\"Sales.This Year Sales\"}],\"Category\":[{\"queryRef\":\"Time.FiscalMonth\",\"active\":true}]},\"prototypeQuery\":{\"Version\":2,\"From\":[{\"Name\":\"s\",\"Entity\":\"Sales\",\"Type\":0},{\"Name\":\"t\",\"Entity\":\"Time\",\"Type\":0}],\"Select\":[{\"Measure\":{\"Expression\":{\"SourceRef\":{\"Source\":\"s\"}},\"Property\":\"Last Year Sales\"},\"Name\":\"Sales.Last Year Sales\",\"NativeReferenceName\":\"Last Year Sales\"},{\"Measure\":{\"Expression\":{\"SourceRef\":{\"Source\":\"s\"}},\"Property\":\"This Year Sales\"},\"Name\":\"Sales.This Year Sales\",\"NativeReferenceName\":\"This Year Sales\"},{\"Column\":{\"Expression\":{\"SourceRef\":{\"Source\":\"t\"}},\"Property\":\"FiscalMonth\"},\"Name\":\"Time.FiscalMonth\",\"NativeReferenceName\":\"FiscalMonth\"}],\"OrderBy\":[{\"Direction\":1,\"Expression\":{\"Column\":{\"Expression\":{\"SourceRef\":{\"Source\":\"t\"}},\"Property\":\"FiscalMonth\"}}}]}}}",
          "filters": "[]",
          "height": 400.30,
          "width": 444.05,
          "x": 37.11,
          "y": 50.37,
          "z": 7000.00
        }
      ],
      "width": 1280.00
    },
    {
      "config": "{}",
      "displayName": "Custom",
      "displayOption": 1,
      "filters": "[]",
      "height": 720.00,
      "name": "abc852bd514010688b63",
      "ordinal": 11,
      "visualContainers": [
        {
          "config": "{\"name\":\"763b1283018b7e8ea3d4\",\"layouts\":[{\"id\":0,\"position\":{\"x\":10,\"y\":20,\"width\":280,\"height\":280,\"z\":0,\"tabOrder\":0}}],\"singleVisual\":{\"visualType\":\"WordCloud1447959067750\",\"projections\":{\"Category\":[{\"queryRef\":\"Item.Category\"}],\"Values\":[{\"queryRef\":\"Sales.This Year Sales\"}]},\"prototypeQuery\":{\"Version\":2,\"From\":[{\"Name\":\"i\",\"Entity\":\"Item\",\"Type\":0},{\"Name\":\"s\",\"Entity\":\"Sales\",\"Type\":0}],\"Select\":[{\"Column\":{\"Expression\":{\"SourceRef\":{\"Source\":\"i\"}},\"Property\":\"Category\"},\"Name\":\"Item.Category\",\"NativeReferenceName\":\"Category\"},{\"Measure\":{\"Expression\":{\"SourceRef\":{\"Source\":\"s\"}},\"Property\":\"This Year Sales\"},\"Name\":\"Sales.This Year Sales\",\"NativeReferenceName\":\"This Year Sales\"}]}}}",
          "filters": "[]",
          "height": 280.00,
          "width": 280.00,
          "x": 10.00,
          "y": 20.00,
          "z": 0.00
        }
      ],
      "width": 1280.00
    },
    {
      "config": "{}",
      "displayName": "Pie / Doughnut",
      "displayOption": 1,
      "filters": "[]",
      "height": 720.00,
      "name": "b26ddc8a7117a655ee34",
      "ordinal": 7,
      "visualContainers": [
        {
          "config": "{\"name\":\"18ef4ceaccd5365a8775\",\"layouts\":[{\"id\":0,\"position\":{\"x\":290.2865032792544,\"y\":21.208146358301693,\"z\":2000,\"width\":857.6044183638247,\"height\":279.68243010010355,\"tabOrder\":2000}}],\"singleVisual\":{\"visualType\":\"kpi\",\"projections\":{\"TrendLine\":[{\"queryRef\":\"Time.FiscalMonth\"}],\"Indicator\":[{\"queryRef\":\"Sales.Total Units This Year\"}],\"Goal\":[{\"queryRef\":\"Sales.Total Units Last Year\"}]},\"prototypeQuery\":{\"Version\":2,\"From\":[{\"Name\":\"t\",\"Entity\":\"Time\",\"Type\":0},{\"Name\":\"s\",\"Entity\":\"Sales\",\"Type\":0}],\"Select\":[{\"Column\":{\"Expression\":{\"SourceRef\":{\"Source\":\"t\"}},\"Property\":\"FiscalMonth\"},\"Name\":\"Time.FiscalMonth\",\"NativeReferenceName\":\"FiscalMonth\"},{\"Measure\":{\"Expression\":{\"SourceRef\":{\"Source\":\"s\"}},\"Property\":\"Total Units This Year\"},\"Name\":\"Sales.Total Units This Year\",\"NativeReferenceName\":\"Total Units This Year\"},{\"Measure\":{\"Expression\":{\"SourceRef\":{\"Source\":\"s\"}},\"Property\":\"Total Units Last Year\"},\"Name\":\"Sales.Total Units Last Year\",\"NativeReferenceName\":\"Total Units Last Year\"}]},\"objects\":{}}}",
          "filters": "[]",
          "height": 279.68,
          "width": 857.60,
          "x": 290.29,
          "y": 21.21,
          "z": 2000.00
        },
        {
          "config": "{\"name\":\"711f22d034b98ce0dc56\",\"layouts\":[{\"id\":0,\"position\":{\"x\":10,\"y\":20,\"width\":280,\"height\":280,\"z\":0,\"tabOrder\":0}}],\"singleVisual\":{\"visualType\":\"donutChart\",\"projections\":{\"Y\":[{\"queryRef\":\"Sales.Last Year Sales\"}],\"Category\":[{\"queryRef\":\"Item.Category\",\"active\":true}],\"Series\":[{\"queryRef\":\"Store.Store Type\"}]},\"prototypeQuery\":{\"Version\":2,\"From\":[{\"Name\":\"s\",\"Entity\":\"Sales\",\"Type\":0},{\"Name\":\"i\",\"Entity\":\"Item\",\"Type\":0},{\"Name\":\"s1\",\"Entity\":\"Store\",\"Type\":0}],\"Select\":[{\"Measure\":{\"Expression\":{\"SourceRef\":{\"Source\":\"s\"}},\"Property\":\"Last Year Sales\"},\"Name\":\"Sales.Last Year Sales\",\"NativeReferenceName\":\"Last Year Sales\"},{\"Column\":{\"Expression\":{\"SourceRef\":{\"Source\":\"i\"}},\"Property\":\"Category\"},\"Name\":\"Item.Category\",\"NativeReferenceName\":\"Category\"},{\"Column\":{\"Expression\":{\"SourceRef\":{\"Source\":\"s1\"}},\"Property\":\"Store Type\"},\"Name\":\"Store.Store Type\",\"NativeReferenceName\":\"Store Type\"}],\"OrderBy\":[{\"Direction\":2,\"Expression\":{\"Measure\":{\"Expression\":{\"SourceRef\":{\"Source\":\"s\"}},\"Property\":\"Last Year Sales\"}}}]},\"hasDefaultSort\":true}}",
          "filters": "[]",
          "height": 280.00,
          "width": 280.00,
          "x": 10.00,
          "y": 20.00,
          "z": 0.00
        },
        {
          "config": "{\"name\":\"b6dc852c116a0d564036\",\"layouts\":[{\"id\":0,\"position\":{\"x\":10.604073179150847,\"y\":319.44770452191926,\"z\":1000,\"width\":1137.2868484639282,\"height\":291.6120124266483,\"tabOrder\":1000}}],\"singleVisual\":{\"visualType\":\"funnel\",\"projections\":{\"Category\":[{\"queryRef\":\"Item.Category\",\"active\":true}],\"Y\":[{\"queryRef\":\"Sales.TotalSales\"}]},\"prototypeQuery\":{\"Version\":2,\"From\":[{\"Name\":\"s\",\"Entity\":\"Sales\",\"Type\":0},{\"Name\":\"i\",\"Entity\":\"Item\",\"Type\":0}],\"Select\":[{\"Measure\":{\"Expression\":{\"SourceRef\":{\"Source\":\"s\"}},\"Property\":\"TotalSales\"},\"Name\":\"Sales.TotalSales\",\"NativeReferenceName\":\"TotalSales\"},{\"Column\":{\"Expression\":{\"SourceRef\":{\"Source\":\"i\"}},\"Property\":\"Category\"},\"Name\":\"Item.Category\",\"NativeReferenceName\":\"Category\"}],\"OrderBy\":[{\"Direction\":2,\"Expression\":{\"Measure\":{\"Expression\":{\"SourceRef\":{\"Source\":\"s\"}},\"Property\":\"TotalSales\"}}}]},\"hasDefaultSort\":true}}",
          "filters": "[]",
          "height": 291.61,
          "width": 1137.29,
          "x": 10.60,
          "y": 319.45,
          "z": 1000.00
        }
      ],
      "width": 1280.00
    },
    {
      "config": "{}",
      "displayName": "Scatter",
      "displayOption": 1,
      "filters": "[]",
      "height": 720.00,
      "name": "b3e68903692428b62a45",
      "ordinal": 10,
      "visualContainers": [
        {
          "config": "{\"name\":\"642abce45446851cde0e\",\"layouts\":[{\"id\":0,\"position\":{\"x\":10.604073179150847,\"y\":19.882637210907838,\"z\":0,\"width\":900.0207110804281,\"height\":448.02209181912326,\"tabOrder\":0}}],\"singleVisual\":{\"visualType\":\"scatterChart\",\"projections\":{\"Y\":[{\"queryRef\":\"Sales.Total Sales Var %\"}],\"Series\":[{\"queryRef\":\"District.District\"}],\"Size\":[{\"queryRef\":\"Sales.This Year Sales\"}],\"X\":[{\"queryRef\":\"Sales.Gross Margin Last Year %\",\"active\":true}]},\"prototypeQuery\":{\"Version\":2,\"From\":[{\"Name\":\"s\",\"Entity\":\"Sales\",\"Type\":0},{\"Name\":\"d\",\"Entity\":\"District\",\"Type\":0}],\"Select\":[{\"Measure\":{\"Expression\":{\"SourceRef\":{\"Source\":\"s\"}},\"Property\":\"Total Sales Var %\"},\"Name\":\"Sales.Total Sales Var %\",\"NativeReferenceName\":\"Total Sales Var %\"},{\"Column\":{\"Expression\":{\"SourceRef\":{\"Source\":\"d\"}},\"Property\":\"District\"},\"Name\":\"District.District\",\"NativeReferenceName\":\"District\"},{\"Measure\":{\"Expression\":{\"SourceRef\":{\"Source\":\"s\"}},\"Property\":\"This Year Sales\"},\"Name\":\"Sales.This Year Sales\",\"NativeReferenceName\":\"This Year Sales\"},{\"Measure\":{\"Expression\":{\"SourceRef\":{\"Source\":\"s\"}},\"Property\":\"Gross Margin Last Year %\"},\"Name\":\"Sales.Gross Margin Last Year %\",\"NativeReferenceName\":\"Gross Margin Last Year %\"}]},\"hasDefaultSort\":true,\"objects\":{\"general\":[{\"properties\":{\"dataVolume\":{\"expr\":{\"Literal\":{\"Value\":\"7000L\"}}}}}],\"bubbles\":[{\"properties\":{\"markerRangeType\":{\"expr\":{\"Literal\":{\"Value\":\"'magnitude'\"}}},\"markerShape\":{\"expr\":{\"Literal\":{\"Value\":\"'triangle'\"}}}}}],\"referenceLine\":[{\"properties\":{\"show\":{\"expr\":{\"Literal\":{\"Value\":\"true\"}}},\"displayName\":{\"expr\":{\"Literal\":{\"Value\":\"'Median line 1'\"}}},\"value\":{\"expr\":{\"Aggregation\":{\"Expression\":{\"SelectRef\":{\"ExpressionName\":\"Sales.Total Sales Var %\"}},\"Function\":6}}}},\"selector\":{\"metadata\":\"Sales.Total Sales Var %\",\"id\":\"1\"}},{\"properties\":{\"show\":{\"expr\":{\"Literal\":{\"Value\":\"true\"}}},\"displayName\":{\"expr\":{\"Literal\":{\"Value\":\"'Median line 2'\"}}},\"value\":{\"expr\":{\"Aggregation\":{\"Expression\":{\"SelectRef\":{\"ExpressionName\":\"Sales.Total Sales Var %\"}},\"Function\":6}}}},\"selector\":{\"metadata\":\"Sales.Total Sales Var %\",\"id\":\"2\"}}],\"plotAreaShading\":[{\"properties\":{\"show\":{\"expr\":{\"Literal\":{\"Value\":\"true\"}}},\"displayName\":{\"expr\":{\"Literal\":{\"Value\":\"'Symmetry shading 1'\"}}}}}]}}}",
          "filters": "[]",
          "height": 448.02,
          "width": 900.02,
          "x": 10.60,
          "y": 19.88,
          "z": 0.00
        }
      ],
      "width": 1280.00
    },
    {
      "config": "{}",
      "displayName": "Gauge",
      "displayOption": 1,
      "filters": "[]",
      "height": 720.00,
      "name": "b59dbe8a900c5d460e45",
      "ordinal": 8,
      "visualContainers": [
        {
          "config": "{\"name\":\"c09e0e20c3d50c026018\",\"layouts\":[{\"id\":0,\"position\":{\"x\":10,\"y\":20,\"width\":280,\"height\":280,\"z\":0,\"tabOrder\":0}}],\"singleVisual\":{\"visualType\":\"gauge\",\"projections\":{\"Y\":[{\"queryRef\":\"Sales.This Year Sales\"}],\"TargetValue\":[{\"queryRef\":\"Sales._This Year Sales Goal\"}]},\"prototypeQuery\":{\"Version\":2,\"From\":[{\"Name\":\"s\",\"Entity\":\"Sales\",\"Type\":0}],\"Select\":[{\"Measure\":{\"Expression\":{\"SourceRef\":{\"Source\":\"s\"}},\"Property\":\"This Year Sales\"},\"Name\":\"Sales.This Year Sales\",\"NativeReferenceName\":\"This Year Sales\"},{\"Measure\":{\"Expression\":{\"SourceRef\":{\"Source\":\"s\"}},\"Property\":\"_This Year Sales Goal\"},\"Name\":\"Sales._This Year Sales Goal\",\"NativeReferenceName\":\"This Year Sales Goal\"}],\"OrderBy\":[{\"Direction\":2,\"Expression\":{\"Measure\":{\"Expression\":{\"SourceRef\":{\"Source\":\"s\"}},\"Property\":\"This Year Sales\"}}}]},\"hasDefaultSort\":true}}",
          "filters": "[]",
          "height": 280.00,
          "width": 280.00,
          "x": 10.00,
          "y": 20.00,
          "z": 0.00
        }
      ],
      "width": 1280.00
    }
  ],
  "theme": "Concourse"
}